Row (Condensed DOF),Column (Condensed DOF),K Value
0,0,2.751000000000e+10
0,6,-1.375500000000e+10
1,1,1.473074064000e+14
1,5,1.052195760000e+13
1,7,-7.365370320000e+13
1,11,3.156587280000e+13
2,2,2.281910400000e+13
2,4,-1.629936000000e+12
2,8,-1.140955200000e+13
2,10,-4.889808000000e+12
3,3,2.111451300000e+05
3,9,-1.055725650000e+05
4,2,-1.629936000000e+12
4,4,5.976432000000e+12
4,8,6.519744000000e+12
4,10,2.716560000000e+12
5,1,1.052195760000e+13
5,5,3.858051120000e+13
5,7,-4.208783040000e+13
5,11,1.753659600000e+13
6,0,-1.375500000000e+10
6,6,2.751000000000e+10
6,12,-1.375500000000e+10
7,1,-7.365370320000e+13
7,5,-4.208783040000e+13
7,7,1.473074064000e+14
7,11,1.052195760000e+13
7,13,-7.365370320000e+13
7,17,3.156587280000e+13
8,2,-1.140955200000e+13
8,4,6.519744000000e+12
8,8,2.281910400000e+13
8,10,-1.629936000000e+12
8,14,-1.140955200000e+13
8,16,-4.889808000000e+12
9,3,-1.055725650000e+05
9,9,2.111451300000e+05
9,15,-1.055725650000e+05
10,2,-4.889808000000e+12
10,4,2.716560000000e+12
10,8,-1.629936000000e+12
10,10,5.976432000000e+12
10,14,6.519744000000e+12
10,16,2.716560000000e+12
11,1,3.156587280000e+13
11,5,1.753659600000e+13
11,7,1.052195760000e+13
11,11,3.858051120000e+13
11,13,-4.208783040000e+13
11,17,1.753659600000e+13
12,6,-1.375500000000e+10
12,12,2.751000000000e+10
12,18,-1.375500000000e+10
13,7,-7.365370320000e+13
13,11,-4.208783040000e+13
13,13,1.473074064000e+14
13,17,1.052195760000e+13
13,19,-7.365370320000e+13
13,23,3.156587280000e+13
14,8,-1.140955200000e+13
14,10,6.519744000000e+12
14,14,2.281910400000e+13
14,16,-1.629936000000e+12
14,20,-1.140955200000e+13
14,22,-4.889808000000e+12
15,9,-1.055725650000e+05
15,15,2.111451300000e+05
15,21,-1.055725650000e+05
16,8,-4.889808000000e+12
16,10,2.716560000000e+12
16,14,-1.629936000000e+12
16,16,5.976432000000e+12
16,20,6.519744000000e+12
16,22,2.716560000000e+12
17,7,3.156587280000e+13
17,11,1.753659600000e+13
17,13,1.052195760000e+13
17,17,3.858051120000e+13
17,19,-4.208783040000e+13
17,23,1.753659600000e+13
18,12,-1.375500000000e+10
18,18,2.751000000000e+10
18,24,-1.375500000000e+10
19,13,-7.365370320000e+13
19,17,-4.208783040000e+13
19,19,1.473074064000e+14
19,23,1.052195760000e+13
19,25,-7.365370320000e+13
19,29,3.156587280000e+13
20,14,-1.140955200000e+13
20,16,6.519744000000e+12
20,20,2.281910400000e+13
20,22,-1.629936000000e+12
20,26,-1.140955200000e+13
20,28,-4.889808000000e+12
21,15,-1.055725650000e+05
21,21,2.111451300000e+05
21,27,-1.055725650000e+05
22,14,-4.889808000000e+12
22,16,2.716560000000e+12
22,20,-1.629936000000e+12
22,22,5.976432000000e+12
22,26,6.519744000000e+12
22,28,2.716560000000e+12
23,13,3.156587280000e+13
23,17,1.753659600000e+13
23,19,1.052195760000e+13
23,23,3.858051120000e+13
23,25,-4.208783040000e+13
23,29,1.753659600000e+13
24,18,-1.375500000000e+10
24,24,2.751000000000e+10
24,30,-1.375500000000e+10
25,19,-7.365370320000e+13
25,23,-4.208783040000e+13
25,25,1.473074064000e+14
25,29,1.052195760000e+13
25,31,-7.365370320000e+13
25,35,3.156587280000e+13
26,20,-1.140955200000e+13
26,22,6.519744000000e+12
26,26,2.281910400000e+13
26,28,-1.629936000000e+12
26,32,-1.140955200000e+13
26,34,-4.889808000000e+12
27,21,-1.055725650000e+05
27,27,2.111451300000e+05
27,33,-1.055725650000e+05
28,20,-4.889808000000e+12
28,22,2.716560000000e+12
28,26,-1.629936000000e+12
28,28,5.976432000000e+12
28,32,6.519744000000e+12
28,34,2.716560000000e+12
29,19,3.156587280000e+13
29,23,1.753659600000e+13
29,25,1.052195760000e+13
29,29,3.858051120000e+13
29,31,-4.208783040000e+13
29,35,1.753659600000e+13
30,24,-1.375500000000e+10
30,30,2.751000000000e+10
30,36,-1.375500000000e+10
31,25,-7.365370320000e+13
31,29,-4.208783040000e+13
31,31,1.473074064000e+14
31,35,1.052195760000e+13
31,37,-7.365370320000e+13
31,41,3.156587280000e+13
32,26,-1.140955200000e+13
32,28,6.519744000000e+12
32,32,2.281910400000e+13
32,34,-1.629936000000e+12
32,38,-1.140955200000e+13
32,40,-4.889808000000e+12
33,27,-1.055725650000e+05
33,33,2.111451300000e+05
33,39,-1.055725650000e+05
34,26,-4.889808000000e+12
34,28,2.716560000000e+12
34,32,-1.629936000000e+12
34,34,5.976432000000e+12
34,38,6.519744000000e+12
34,40,2.716560000000e+12
35,25,3.156587280000e+13
35,29,1.753659600000e+13
35,31,1.052195760000e+13
35,35,3.858051120000e+13
35,37,-4.208783040000e+13
35,41,1.753659600000e+13
36,30,-1.375500000000e+10
36,36,2.751000000000e+10
36,42,-1.375500000000e+10
37,31,-7.365370320000e+13
37,35,-4.208783040000e+13
37,37,1.473074064000e+14
37,41,1.052195760000e+13
37,43,-7.365370320000e+13
37,47,3.156587280000e+13
38,32,-1.140955200000e+13
38,34,6.519744000000e+12
38,38,2.281910400000e+13
38,40,-1.629936000000e+12
38,44,-1.140955200000e+13
38,46,-4.889808000000e+12
39,33,-1.055725650000e+05
39,39,2.111451300000e+05
39,45,-1.055725650000e+05
40,32,-4.889808000000e+12
40,34,2.716560000000e+12
40,38,-1.629936000000e+12
40,40,5.976432000000e+12
40,44,6.519744000000e+12
40,46,2.716560000000e+12
41,31,3.156587280000e+13
41,35,1.753659600000e+13
41,37,1.052195760000e+13
41,41,3.858051120000e+13
41,43,-4.208783040000e+13
41,47,1.753659600000e+13
42,36,-1.375500000000e+10
42,42,2.751000000000e+10
42,48,-1.375500000000e+10
43,37,-7.365370320000e+13
43,41,-4.208783040000e+13
43,43,1.473074064000e+14
43,47,1.052195760000e+13
43,49,-7.365370320000e+13
43,53,3.156587280000e+13
44,38,-1.140955200000e+13
44,40,6.519744000000e+12
44,44,2.281910400000e+13
44,46,-1.629936000000e+12
44,50,-1.140955200000e+13
44,52,-4.889808000000e+12
45,39,-1.055725650000e+05
45,45,2.111451300000e+05
45,51,-1.055725650000e+05
46,38,-4.889808000000e+12
46,40,2.716560000000e+12
46,44,-1.629936000000e+12
46,46,5.976432000000e+12
46,50,6.519744000000e+12
46,52,2.716560000000e+12
47,37,3.156587280000e+13
47,41,1.753659600000e+13
47,43,1.052195760000e+13
47,47,3.858051120000e+13
47,49,-4.208783040000e+13
47,53,1.753659600000e+13
48,42,-1.375500000000e+10
48,48,2.751000000000e+10
48,54,-1.375500000000e+10
49,43,-7.365370320000e+13
49,47,-4.208783040000e+13
49,49,1.473074064000e+14
49,53,1.052195760000e+13
49,55,-7.365370320000e+13
49,59,3.156587280000e+13
50,44,-1.140955200000e+13
50,46,6.519744000000e+12
50,50,2.281910400000e+13
50,52,-1.629936000000e+12
50,56,-1.140955200000e+13
50,58,-4.889808000000e+12
51,45,-1.055725650000e+05
51,51,2.111451300000e+05
51,57,-1.055725650000e+05
52,44,-4.889808000000e+12
52,46,2.716560000000e+12
52,50,-1.629936000000e+12
52,52,5.976432000000e+12
52,56,6.519744000000e+12
52,58,2.716560000000e+12
53,43,3.156587280000e+13
53,47,1.753659600000e+13
53,49,1.052195760000e+13
53,53,3.858051120000e+13
53,55,-4.208783040000e+13
53,59,1.753659600000e+13
54,48,-1.375500000000e+10
54,54,2.751000000000e+10
54,60,-1.375500000000e+10
55,49,-7.365370320000e+13
55,53,-4.208783040000e+13
55,55,1.473074064000e+14
55,59,1.052195760000e+13
55,61,-7.365370320000e+13
55,65,3.156587280000e+13
56,50,-1.140955200000e+13
56,52,6.519744000000e+12
56,56,2.281910400000e+13
56,58,-1.629936000000e+12
56,62,-1.140955200000e+13
56,64,-4.889808000000e+12
57,51,-1.055725650000e+05
57,57,2.111451300000e+05
57,63,-1.055725650000e+05
58,50,-4.889808000000e+12
58,52,2.716560000000e+12
58,56,-1.629936000000e+12
58,58,5.976432000000e+12
58,62,6.519744000000e+12
58,64,2.716560000000e+12
59,49,3.156587280000e+13
59,53,1.753659600000e+13
59,55,1.052195760000e+13
59,59,3.858051120000e+13
59,61,-4.208783040000e+13
59,65,1.753659600000e+13
60,54,-1.375500000000e+10
60,60,2.751000000000e+10
60,66,-1.375500000000e+10
61,55,-7.365370320000e+13
61,59,-4.208783040000e+13
61,61,1.473074064000e+14
61,65,1.052195760000e+13
61,67,-7.365370320000e+13
61,71,3.156587280000e+13
62,56,-1.140955200000e+13
62,58,6.519744000000e+12
62,62,2.281910400000e+13
62,64,-1.629936000000e+12
62,68,-1.140955200000e+13
62,70,-4.889808000000e+12
63,57,-1.055725650000e+05
63,63,2.111451300000e+05
63,69,-1.055725650000e+05
64,56,-4.889808000000e+12
64,58,2.716560000000e+12
64,62,-1.629936000000e+12
64,64,5.976432000000e+12
64,68,6.519744000000e+12
64,70,2.716560000000e+12
65,55,3.156587280000e+13
65,59,1.753659600000e+13
65,61,1.052195760000e+13
65,65,3.858051120000e+13
65,67,-4.208783040000e+13
65,71,1.753659600000e+13
66,60,-1.375500000000e+10
66,66,2.751000000000e+10
66,72,-1.375500000000e+10
67,61,-7.365370320000e+13
67,65,-4.208783040000e+13
67,67,1.473074064000e+14
67,71,1.052195760000e+13
67,73,-7.365370320000e+13
67,77,3.156587280000e+13
68,62,-1.140955200000e+13
68,64,6.519744000000e+12
68,68,2.281910400000e+13
68,70,-1.629936000000e+12
68,74,-1.140955200000e+13
68,76,-4.889808000000e+12
69,63,-1.055725650000e+05
69,69,2.111451300000e+05
69,75,-1.055725650000e+05
70,62,-4.889808000000e+12
70,64,2.716560000000e+12
70,68,-1.629936000000e+12
70,70,5.976432000000e+12
70,74,6.519744000000e+12
70,76,2.716560000000e+12
71,61,3.156587280000e+13
71,65,1.753659600000e+13
71,67,1.052195760000e+13
71,71,3.858051120000e+13
71,73,-4.208783040000e+13
71,77,1.753659600000e+13
72,66,-1.375500000000e+10
72,72,2.751000000000e+10
72,78,-1.375500000000e+10
73,67,-7.365370320000e+13
73,71,-4.208783040000e+13
73,73,1.473074064000e+14
73,77,1.052195760000e+13
73,79,-7.365370320000e+13
73,83,3.156587280000e+13
74,68,-1.140955200000e+13
74,70,6.519744000000e+12
74,74,2.281910400000e+13
74,76,-1.629936000000e+12
74,80,-1.140955200000e+13
74,82,-4.889808000000e+12
75,69,-1.055725650000e+05
75,75,2.111451300000e+05
75,81,-1.055725650000e+05
76,68,-4.889808000000e+12
76,70,2.716560000000e+12
76,74,-1.629936000000e+12
76,76,5.976432000000e+12
76,80,6.519744000000e+12
76,82,2.716560000000e+12
77,67,3.156587280000e+13
77,71,1.753659600000e+13
77,73,1.052195760000e+13
77,77,3.858051120000e+13
77,79,-4.208783040000e+13
77,83,1.753659600000e+13
78,72,-1.375500000000e+10
78,78,2.751000000000e+10
78,84,-1.375500000000e+10
79,73,-7.365370320000e+13
79,77,-4.208783040000e+13
79,79,1.473074064000e+14
79,83,1.052195760000e+13
79,85,-7.365370320000e+13
79,89,3.156587280000e+13
80,74,-1.140955200000e+13
80,76,6.519744000000e+12
80,80,2.281910400000e+13
80,82,-1.629936000000e+12
80,86,-1.140955200000e+13
80,88,-4.889808000000e+12
81,75,-1.055725650000e+05
81,81,2.111451300000e+05
81,87,-1.055725650000e+05
82,74,-4.889808000000e+12
82,76,2.716560000000e+12
82,80,-1.629936000000e+12
82,82,5.976432000000e+12
82,86,6.519744000000e+12
82,88,2.716560000000e+12
83,73,3.156587280000e+13
83,77,1.753659600000e+13
83,79,1.052195760000e+13
83,83,3.858051120000e+13
83,85,-4.208783040000e+13
83,89,1.753659600000e+13
84,78,-1.375500000000e+10
84,84,2.751000000000e+10
84,90,-1.375500000000e+10
85,79,-7.365370320000e+13
85,83,-4.208783040000e+13
85,85,1.473074064000e+14
85,89,1.052195760000e+13
85,91,-7.365370320000e+13
85,95,3.156587280000e+13
86,80,-1.140955200000e+13
86,82,6.519744000000e+12
86,86,2.281910400000e+13
86,88,-1.629936000000e+12
86,92,-1.140955200000e+13
86,94,-4.889808000000e+12
87,81,-1.055725650000e+05
87,87,2.111451300000e+05
87,93,-1.055725650000e+05
88,80,-4.889808000000e+12
88,82,2.716560000000e+12
88,86,-1.629936000000e+12
88,88,5.976432000000e+12
88,92,6.519744000000e+12
88,94,2.716560000000e+12
89,79,3.156587280000e+13
89,83,1.753659600000e+13
89,85,1.052195760000e+13
89,89,3.858051120000e+13
89,91,-4.208783040000e+13
89,95,1.753659600000e+13
90,84,-1.375500000000e+10
90,90,2.751000000000e+10
90,96,-1.375500000000e+10
91,85,-7.365370320000e+13
91,89,-4.208783040000e+13
91,91,1.473074064000e+14
91,95,1.052195760000e+13
91,97,-7.365370320000e+13
91,101,3.156587280000e+13
92,86,-1.140955200000e+13
92,88,6.519744000000e+12
92,92,2.281910400000e+13
92,94,-1.629936000000e+12
92,98,-1.140955200000e+13
92,100,-4.889808000000e+12
93,87,-1.055725650000e+05
93,93,2.111451300000e+05
93,99,-1.055725650000e+05
94,86,-4.889808000000e+12
94,88,2.716560000000e+12
94,92,-1.629936000000e+12
94,94,5.976432000000e+12
94,98,6.519744000000e+12
94,100,2.716560000000e+12
95,85,3.156587280000e+13
95,89,1.753659600000e+13
95,91,1.052195760000e+13
95,95,3.858051120000e+13
95,97,-4.208783040000e+13
95,101,1.753659600000e+13
96,90,-1.375500000000e+10
96,96,2.751000000000e+10
96,102,-1.375500000000e+10
97,91,-7.365370320000e+13
97,95,-4.208783040000e+13
97,97,1.473074064000e+14
97,101,1.052195760000e+13
97,103,-7.365370320000e+13
97,107,3.156587280000e+13
98,92,-1.140955200000e+13
98,94,6.519744000000e+12
98,98,2.281910400000e+13
98,100,-1.629936000000e+12
98,104,-1.140955200000e+13
98,106,-4.889808000000e+12
99,93,-1.055725650000e+05
99,99,2.111451300000e+05
99,105,-1.055725650000e+05
100,92,-4.889808000000e+12
100,94,2.716560000000e+12
100,98,-1.629936000000e+12
100,100,5.976432000000e+12
100,104,6.519744000000e+12
100,106,2.716560000000e+12
101,91,3.156587280000e+13
101,95,1.753659600000e+13
101,97,1.052195760000e+13
101,101,3.858051120000e+13
101,103,-4.208783040000e+13
101,107,1.753659600000e+13
102,96,-1.375500000000e+10
102,102,2.751000000000e+10
102,108,-1.375500000000e+10
103,97,-7.365370320000e+13
103,101,-4.208783040000e+13
103,103,1.473074064000e+14
103,107,1.052195760000e+13
103,109,-7.365370320000e+13
103,113,3.156587280000e+13
104,98,-1.140955200000e+13
104,100,6.519744000000e+12
104,104,2.281910400000e+13
104,106,-1.629936000000e+12
104,110,-1.140955200000e+13
104,112,-4.889808000000e+12
105,99,-1.055725650000e+05
105,105,2.111451300000e+05
105,111,-1.055725650000e+05
106,98,-4.889808000000e+12
106,100,2.716560000000e+12
106,104,-1.629936000000e+12
106,106,5.976432000000e+12
106,110,6.519744000000e+12
106,112,2.716560000000e+12
107,97,3.156587280000e+13
107,101,1.753659600000e+13
107,103,1.052195760000e+13
107,107,3.858051120000e+13
107,109,-4.208783040000e+13
107,113,1.753659600000e+13
108,102,-1.375500000000e+10
108,108,2.751000000000e+10
108,114,-1.375500000000e+10
109,103,-7.365370320000e+13
109,107,-4.208783040000e+13
109,109,1.473074064000e+14
109,113,1.052195760000e+13
109,115,-7.365370320000e+13
109,119,3.156587280000e+13
110,104,-1.140955200000e+13
110,106,6.519744000000e+12
110,110,2.281910400000e+13
110,112,-1.629936000000e+12
110,116,-1.140955200000e+13
110,118,-4.889808000000e+12
111,105,-1.055725650000e+05
111,111,2.111451300000e+05
111,117,-1.055725650000e+05
112,104,-4.889808000000e+12
112,106,2.716560000000e+12
112,110,-1.629936000000e+12
112,112,5.976432000000e+12
112,116,6.519744000000e+12
112,118,2.716560000000e+12
113,103,3.156587280000e+13
113,107,1.753659600000e+13
113,109,1.052195760000e+13
113,113,3.858051120000e+13
113,115,-4.208783040000e+13
113,119,1.753659600000e+13
114,108,-1.375500000000e+10
114,114,2.751000000000e+10
114,120,-1.375500000000e+10
115,109,-7.365370320000e+13
115,113,-4.208783040000e+13
115,115,1.473074064000e+14
115,119,1.052195760000e+13
115,121,-7.365370320000e+13
115,125,3.156587280000e+13
116,110,-1.140955200000e+13
116,112,6.519744000000e+12
116,116,2.281910400000e+13
116,118,-1.629936000000e+12
116,122,-1.140955200000e+13
116,124,-4.889808000000e+12
117,111,-1.055725650000e+05
117,117,2.111451300000e+05
117,123,-1.055725650000e+05
118,110,-4.889808000000e+12
118,112,2.716560000000e+12
118,116,-1.629936000000e+12
118,118,5.976432000000e+12
118,122,6.519744000000e+12
118,124,2.716560000000e+12
119,109,3.156587280000e+13
119,113,1.753659600000e+13
119,115,1.052195760000e+13
119,119,3.858051120000e+13
119,121,-4.208783040000e+13
119,125,1.753659600000e+13
120,114,-1.375500000000e+10
120,120,2.751000000000e+10
120,126,-1.375500000000e+10
121,115,-7.365370320000e+13
121,119,-4.208783040000e+13
121,121,1.473074064000e+14
121,125,1.052195760000e+13
121,127,-7.365370320000e+13
121,131,3.156587280000e+13
122,116,-1.140955200000e+13
122,118,6.519744000000e+12
122,122,2.281910400000e+13
122,124,-1.629936000000e+12
122,128,-1.140955200000e+13
122,130,-4.889808000000e+12
123,117,-1.055725650000e+05
123,123,2.111451300000e+05
123,129,-1.055725650000e+05
124,116,-4.889808000000e+12
124,118,2.716560000000e+12
124,122,-1.629936000000e+12
124,124,5.976432000000e+12
124,128,6.519744000000e+12
124,130,2.716560000000e+12
125,115,3.156587280000e+13
125,119,1.753659600000e+13
125,121,1.052195760000e+13
125,125,3.858051120000e+13
125,127,-4.208783040000e+13
125,131,1.753659600000e+13
126,120,-1.375500000000e+10
126,126,2.751000000000e+10
126,132,-1.375500000000e+10
127,121,-7.365370320000e+13
127,125,-4.208783040000e+13
127,127,1.473074064000e+14
127,131,1.052195760000e+13
127,133,-7.365370320000e+13
127,137,3.156587280000e+13
128,122,-1.140955200000e+13
128,124,6.519744000000e+12
128,128,2.281910400000e+13
128,130,-1.629936000000e+12
128,134,-1.140955200000e+13
128,136,-4.889808000000e+12
129,123,-1.055725650000e+05
129,129,2.111451300000e+05
129,135,-1.055725650000e+05
130,122,-4.889808000000e+12
130,124,2.716560000000e+12
130,128,-1.629936000000e+12
130,130,5.976432000000e+12
130,134,6.519744000000e+12
130,136,2.716560000000e+12
131,121,3.156587280000e+13
131,125,1.753659600000e+13
131,127,1.052195760000e+13
131,131,3.858051120000e+13
131,133,-4.208783040000e+13
131,137,1.753659600000e+13
132,126,-1.375500000000e+10
132,132,2.751000000000e+10
132,138,-1.375500000000e+10
133,127,-7.365370320000e+13
133,131,-4.208783040000e+13
133,133,1.473074064000e+14
133,137,1.052195760000e+13
133,139,-7.365370320000e+13
133,143,3.156587280000e+13
134,128,-1.140955200000e+13
134,130,6.519744000000e+12
134,134,2.281910400000e+13
134,136,-1.629936000000e+12
134,140,-1.140955200000e+13
134,142,-4.889808000000e+12
135,129,-1.055725650000e+05
135,135,2.111451300000e+05
135,141,-1.055725650000e+05
136,128,-4.889808000000e+12
136,130,2.716560000000e+12
136,134,-1.629936000000e+12
136,136,5.976432000000e+12
136,140,6.519744000000e+12
136,142,2.716560000000e+12
137,127,3.156587280000e+13
137,131,1.753659600000e+13
137,133,1.052195760000e+13
137,137,3.858051120000e+13
137,139,-4.208783040000e+13
137,143,1.753659600000e+13
138,132,-1.375500000000e+10
138,138,2.751000000000e+10
138,144,-1.375500000000e+10
139,133,-7.365370320000e+13
139,137,-4.208783040000e+13
139,139,1.473074064000e+14
139,143,1.052195760000e+13
139,145,-7.365370320000e+13
139,149,3.156587280000e+13
140,134,-1.140955200000e+13
140,136,6.519744000000e+12
140,140,2.281910400000e+13
140,142,-1.629936000000e+12
140,146,-1.140955200000e+13
140,148,-4.889808000000e+12
141,135,-1.055725650000e+05
141,141,2.111451300000e+05
141,147,-1.055725650000e+05
142,134,-4.889808000000e+12
142,136,2.716560000000e+12
142,140,-1.629936000000e+12
142,142,5.976432000000e+12
142,146,6.519744000000e+12
142,148,2.716560000000e+12
143,133,3.156587280000e+13
143,137,1.753659600000e+13
143,139,1.052195760000e+13
143,143,3.858051120000e+13
143,145,-4.208783040000e+13
143,149,1.753659600000e+13
144,138,-1.375500000000e+10
144,144,2.751000000000e+10
144,150,-1.375500000000e+10
145,139,-7.365370320000e+13
145,143,-4.208783040000e+13
145,145,1.473074064000e+14
145,149,1.052195760000e+13
145,151,-7.365370320000e+13
145,155,3.156587280000e+13
146,140,-1.140955200000e+13
146,142,6.519744000000e+12
146,146,2.281910400000e+13
146,148,-1.629936000000e+12
146,152,-1.140955200000e+13
146,154,-4.889808000000e+12
147,141,-1.055725650000e+05
147,147,2.111451300000e+05
147,153,-1.055725650000e+05
148,140,-4.889808000000e+12
148,142,2.716560000000e+12
148,146,-1.629936000000e+12
148,148,5.976432000000e+12
148,152,6.519744000000e+12
148,154,2.716560000000e+12
149,139,3.156587280000e+13
149,143,1.753659600000e+13
149,145,1.052195760000e+13
149,149,3.858051120000e+13
149,151,-4.208783040000e+13
149,155,1.753659600000e+13
150,144,-1.375500000000e+10
150,150,2.751000000000e+10
150,156,-1.375500000000e+10
151,145,-7.365370320000e+13
151,149,-4.208783040000e+13
151,151,1.473074064000e+14
151,155,1.052195760000e+13
151,157,-7.365370320000e+13
151,161,3.156587280000e+13
152,146,-1.140955200000e+13
152,148,6.519744000000e+12
152,152,2.281910400000e+13
152,154,-1.629936000000e+12
152,158,-1.140955200000e+13
152,160,-4.889808000000e+12
153,147,-1.055725650000e+05
153,153,2.111451300000e+05
153,159,-1.055725650000e+05
154,146,-4.889808000000e+12
154,148,2.716560000000e+12
154,152,-1.629936000000e+12
154,154,5.976432000000e+12
154,158,6.519744000000e+12
154,160,2.716560000000e+12
155,145,3.156587280000e+13
155,149,1.753659600000e+13
155,151,1.052195760000e+13
155,155,3.858051120000e+13
155,157,-4.208783040000e+13
155,161,1.753659600000e+13
156,150,-1.375500000000e+10
156,156,2.751000000000e+10
156,162,-1.375500000000e+10
157,151,-7.365370320000e+13
157,155,-4.208783040000e+13
157,157,1.473074064000e+14
157,161,1.052195760000e+13
157,163,-7.365370320000e+13
157,167,3.156587280000e+13
158,152,-1.140955200000e+13
158,154,6.519744000000e+12
158,158,2.281910400000e+13
158,160,-1.629936000000e+12
158,164,-1.140955200000e+13
158,166,-4.889808000000e+12
159,153,-1.055725650000e+05
159,159,2.111451300000e+05
159,165,-1.055725650000e+05
160,152,-4.889808000000e+12
160,154,2.716560000000e+12
160,158,-1.629936000000e+12
160,160,5.976432000000e+12
160,164,6.519744000000e+12
160,166,2.716560000000e+12
161,151,3.156587280000e+13
161,155,1.753659600000e+13
161,157,1.052195760000e+13
161,161,3.858051120000e+13
161,163,-4.208783040000e+13
161,167,1.753659600000e+13
162,156,-1.375500000000e+10
162,162,2.751000000000e+10
162,168,-1.375500000000e+10
163,157,-7.365370320000e+13
163,161,-4.208783040000e+13
163,163,1.473074064000e+14
163,167,1.052195760000e+13
163,169,-7.365370320000e+13
163,173,3.156587280000e+13
164,158,-1.140955200000e+13
164,160,6.519744000000e+12
164,164,2.281910400000e+13
164,166,-1.629936000000e+12
164,170,-1.140955200000e+13
164,172,-4.889808000000e+12
165,159,-1.055725650000e+05
165,165,2.111451300000e+05
165,171,-1.055725650000e+05
166,158,-4.889808000000e+12
166,160,2.716560000000e+12
166,164,-1.629936000000e+12
166,166,5.976432000000e+12
166,170,6.519744000000e+12
166,172,2.716560000000e+12
167,157,3.156587280000e+13
167,161,1.753659600000e+13
167,163,1.052195760000e+13
167,167,3.858051120000e+13
167,169,-4.208783040000e+13
167,173,1.753659600000e+13
168,162,-1.375500000000e+10
168,168,2.751000000000e+10
168,174,-1.375500000000e+10
169,163,-7.365370320000e+13
169,167,-4.208783040000e+13
169,169,1.473074064000e+14
169,173,1.052195760000e+13
169,175,-7.365370320000e+13
169,179,3.156587280000e+13
170,164,-1.140955200000e+13
170,166,6.519744000000e+12
170,170,2.281910400000e+13
170,172,-1.629936000000e+12
170,176,-1.140955200000e+13
170,178,-4.889808000000e+12
171,165,-1.055725650000e+05
171,171,2.111451300000e+05
171,177,-1.055725650000e+05
172,164,-4.889808000000e+12
172,166,2.716560000000e+12
172,170,-1.629936000000e+12
172,172,5.976432000000e+12
172,176,6.519744000000e+12
172,178,2.716560000000e+12
173,163,3.156587280000e+13
173,167,1.753659600000e+13
173,169,1.052195760000e+13
173,173,3.858051120000e+13
173,175,-4.208783040000e+13
173,179,1.753659600000e+13
174,168,-1.375500000000e+10
174,174,2.751000000000e+10
174,180,-1.375500000000e+10
175,169,-7.365370320000e+13
175,173,-4.208783040000e+13
175,175,1.473074064000e+14
175,179,1.052195760000e+13
175,181,-7.365370320000e+13
175,185,3.156587280000e+13
176,170,-1.140955200000e+13
176,172,6.519744000000e+12
176,176,2.281910400000e+13
176,178,-1.629936000000e+12
176,182,-1.140955200000e+13
176,184,-4.889808000000e+12
177,171,-1.055725650000e+05
177,177,2.111451300000e+05
177,183,-1.055725650000e+05
178,170,-4.889808000000e+12
178,172,2.716560000000e+12
178,176,-1.629936000000e+12
178,178,5.976432000000e+12
178,182,6.519744000000e+12
178,184,2.716560000000e+12
179,169,3.156587280000e+13
179,173,1.753659600000e+13
179,175,1.052195760000e+13
179,179,3.858051120000e+13
179,181,-4.208783040000e+13
179,185,1.753659600000e+13
180,174,-1.375500000000e+10
180,180,2.751000000000e+10
180,186,-1.375500000000e+10
181,175,-7.365370320000e+13
181,179,-4.208783040000e+13
181,181,1.473074064000e+14
181,185,1.052195760000e+13
181,187,-7.365370320000e+13
181,191,3.156587280000e+13
182,176,-1.140955200000e+13
182,178,6.519744000000e+12
182,182,2.281910400000e+13
182,184,-1.629936000000e+12
182,188,-1.140955200000e+13
182,190,-4.889808000000e+12
183,177,-1.055725650000e+05
183,183,2.111451300000e+05
183,189,-1.055725650000e+05
184,176,-4.889808000000e+12
184,178,2.716560000000e+12
184,182,-1.629936000000e+12
184,184,5.976432000000e+12
184,188,6.519744000000e+12
184,190,2.716560000000e+12
185,175,3.156587280000e+13
185,179,1.753659600000e+13
185,181,1.052195760000e+13
185,185,3.858051120000e+13
185,187,-4.208783040000e+13
185,191,1.753659600000e+13
186,180,-1.375500000000e+10
186,186,2.751000000000e+10
186,192,-1.375500000000e+10
187,181,-7.365370320000e+13
187,185,-4.208783040000e+13
187,187,1.473074064000e+14
187,191,1.052195760000e+13
187,193,-7.365370320000e+13
187,197,3.156587280000e+13
188,182,-1.140955200000e+13
188,184,6.519744000000e+12
188,188,2.281910400000e+13
188,190,-1.629936000000e+12
188,194,-1.140955200000e+13
188,196,-4.889808000000e+12
189,183,-1.055725650000e+05
189,189,2.111451300000e+05
189,195,-1.055725650000e+05
190,182,-4.889808000000e+12
190,184,2.716560000000e+12
190,188,-1.629936000000e+12
190,190,5.976432000000e+12
190,194,6.519744000000e+12
190,196,2.716560000000e+12
191,181,3.156587280000e+13
191,185,1.753659600000e+13
191,187,1.052195760000e+13
191,191,3.858051120000e+13
191,193,-4.208783040000e+13
191,197,1.753659600000e+13
192,186,-1.375500000000e+10
192,192,2.751000000000e+10
192,198,-1.375500000000e+10
193,187,-7.365370320000e+13
193,191,-4.208783040000e+13
193,193,1.473074064000e+14
193,197,1.052195760000e+13
193,199,-7.365370320000e+13
193,203,3.156587280000e+13
194,188,-1.140955200000e+13
194,190,6.519744000000e+12
194,194,2.281910400000e+13
194,196,-1.629936000000e+12
194,200,-1.140955200000e+13
194,202,-4.889808000000e+12
195,189,-1.055725650000e+05
195,195,2.111451300000e+05
195,201,-1.055725650000e+05
196,188,-4.889808000000e+12
196,190,2.716560000000e+12
196,194,-1.629936000000e+12
196,196,5.976432000000e+12
196,200,6.519744000000e+12
196,202,2.716560000000e+12
197,187,3.156587280000e+13
197,191,1.753659600000e+13
197,193,1.052195760000e+13
197,197,3.858051120000e+13
197,199,-4.208783040000e+13
197,203,1.753659600000e+13
198,192,-1.375500000000e+10
198,198,2.751000000000e+10
198,204,-1.375500000000e+10
199,193,-7.365370320000e+13
199,197,-4.208783040000e+13
199,199,1.473074064000e+14
199,203,1.052195760000e+13
199,205,-7.365370320000e+13
199,209,3.156587280000e+13
200,194,-1.140955200000e+13
200,196,6.519744000000e+12
200,200,2.281910400000e+13
200,202,-1.629936000000e+12
200,206,-1.140955200000e+13
200,208,-4.889808000000e+12
201,195,-1.055725650000e+05
201,201,2.111451300000e+05
201,207,-1.055725650000e+05
202,194,-4.889808000000e+12
202,196,2.716560000000e+12
202,200,-1.629936000000e+12
202,202,5.976432000000e+12
202,206,6.519744000000e+12
202,208,2.716560000000e+12
203,193,3.156587280000e+13
203,197,1.753659600000e+13
203,199,1.052195760000e+13
203,203,3.858051120000e+13
203,205,-4.208783040000e+13
203,209,1.753659600000e+13
204,198,-1.375500000000e+10
204,204,2.751000000000e+10
204,210,-1.375500000000e+10
205,199,-7.365370320000e+13
205,203,-4.208783040000e+13
205,205,1.473074064000e+14
205,209,1.052195760000e+13
205,211,-7.365370320000e+13
205,215,3.156587280000e+13
206,200,-1.140955200000e+13
206,202,6.519744000000e+12
206,206,2.281910400000e+13
206,208,-1.629936000000e+12
206,212,-1.140955200000e+13
206,214,-4.889808000000e+12
207,201,-1.055725650000e+05
207,207,2.111451300000e+05
207,213,-1.055725650000e+05
208,200,-4.889808000000e+12
208,202,2.716560000000e+12
208,206,-1.629936000000e+12
208,208,5.976432000000e+12
208,212,6.519744000000e+12
208,214,2.716560000000e+12
209,199,3.156587280000e+13
209,203,1.753659600000e+13
209,205,1.052195760000e+13
209,209,3.858051120000e+13
209,211,-4.208783040000e+13
209,215,1.753659600000e+13
210,204,-1.375500000000e+10
210,210,2.751000000000e+10
210,216,-1.375500000000e+10
211,205,-7.365370320000e+13
211,209,-4.208783040000e+13
211,211,1.473074064000e+14
211,215,1.052195760000e+13
211,217,-7.365370320000e+13
211,221,3.156587280000e+13
212,206,-1.140955200000e+13
212,208,6.519744000000e+12
212,212,2.281910400000e+13
212,214,-1.629936000000e+12
212,218,-1.140955200000e+13
212,220,-4.889808000000e+12
213,207,-1.055725650000e+05
213,213,2.111451300000e+05
213,219,-1.055725650000e+05
214,206,-4.889808000000e+12
214,208,2.716560000000e+12
214,212,-1.629936000000e+12
214,214,5.976432000000e+12
214,218,6.519744000000e+12
214,220,2.716560000000e+12
215,205,3.156587280000e+13
215,209,1.753659600000e+13
215,211,1.052195760000e+13
215,215,3.858051120000e+13
215,217,-4.208783040000e+13
215,221,1.753659600000e+13
216,210,-1.375500000000e+10
216,216,2.751000000000e+10
216,222,-1.375500000000e+10
217,211,-7.365370320000e+13
217,215,-4.208783040000e+13
217,217,1.473074064000e+14
217,221,1.052195760000e+13
217,223,-7.365370320000e+13
217,227,3.156587280000e+13
218,212,-1.140955200000e+13
218,214,6.519744000000e+12
218,218,2.281910400000e+13
218,220,-1.629936000000e+12
218,224,-1.140955200000e+13
218,226,-4.889808000000e+12
219,213,-1.055725650000e+05
219,219,2.111451300000e+05
219,225,-1.055725650000e+05
220,212,-4.889808000000e+12
220,214,2.716560000000e+12
220,218,-1.629936000000e+12
220,220,5.976432000000e+12
220,224,6.519744000000e+12
220,226,2.716560000000e+12
221,211,3.156587280000e+13
221,215,1.753659600000e+13
221,217,1.052195760000e+13
221,221,3.858051120000e+13
221,223,-4.208783040000e+13
221,227,1.753659600000e+13
222,216,-1.375500000000e+10
222,222,2.751000000000e+10
222,228,-1.375500000000e+10
223,217,-7.365370320000e+13
223,221,-4.208783040000e+13
223,223,1.473074064000e+14
223,227,1.052195760000e+13
223,229,-7.365370320000e+13
223,233,3.156587280000e+13
224,218,-1.140955200000e+13
224,220,6.519744000000e+12
224,224,2.281910400000e+13
224,226,-1.629936000000e+12
224,230,-1.140955200000e+13
224,232,-4.889808000000e+12
225,219,-1.055725650000e+05
225,225,2.111451300000e+05
225,231,-1.055725650000e+05
226,218,-4.889808000000e+12
226,220,2.716560000000e+12
226,224,-1.629936000000e+12
226,226,5.976432000000e+12
226,230,6.519744000000e+12
226,232,2.716560000000e+12
227,217,3.156587280000e+13
227,221,1.753659600000e+13
227,223,1.052195760000e+13
227,227,3.858051120000e+13
227,229,-4.208783040000e+13
227,233,1.753659600000e+13
228,222,-1.375500000000e+10
228,228,2.751000000000e+10
228,234,-1.375500000000e+10
229,223,-7.365370320000e+13
229,227,-4.208783040000e+13
229,229,1.473074064000e+14
229,233,1.052195760000e+13
229,235,-7.365370320000e+13
229,239,3.156587280000e+13
230,224,-1.140955200000e+13
230,226,6.519744000000e+12
230,230,2.281910400000e+13
230,232,-1.629936000000e+12
230,236,-1.140955200000e+13
230,238,-4.889808000000e+12
231,225,-1.055725650000e+05
231,231,2.111451300000e+05
231,237,-1.055725650000e+05
232,224,-4.889808000000e+12
232,226,2.716560000000e+12
232,230,-1.629936000000e+12
232,232,5.976432000000e+12
232,236,6.519744000000e+12
232,238,2.716560000000e+12
233,223,3.156587280000e+13
233,227,1.753659600000e+13
233,229,1.052195760000e+13
233,233,3.858051120000e+13
233,235,-4.208783040000e+13
233,239,1.753659600000e+13
234,228,-1.375500000000e+10
234,234,2.751000000000e+10
234,240,-1.375500000000e+10
235,229,-7.365370320000e+13
235,233,-4.208783040000e+13
235,235,1.473074064000e+14
235,239,1.052195760000e+13
235,241,-7.365370320000e+13
235,245,3.156587280000e+13
236,230,-1.140955200000e+13
236,232,6.519744000000e+12
236,236,2.281910400000e+13
236,238,-1.629936000000e+12
236,242,-1.140955200000e+13
236,244,-4.889808000000e+12
237,231,-1.055725650000e+05
237,237,2.111451300000e+05
237,243,-1.055725650000e+05
238,230,-4.889808000000e+12
238,232,2.716560000000e+12
238,236,-1.629936000000e+12
238,238,5.976432000000e+12
238,242,6.519744000000e+12
238,244,2.716560000000e+12
239,229,3.156587280000e+13
239,233,1.753659600000e+13
239,235,1.052195760000e+13
239,239,3.858051120000e+13
239,241,-4.208783040000e+13
239,245,1.753659600000e+13
240,234,-1.375500000000e+10
240,240,2.751000000000e+10
240,246,-1.375500000000e+10
241,235,-7.365370320000e+13
241,239,-4.208783040000e+13
241,241,1.473074064000e+14
241,245,1.052195760000e+13
241,247,-7.365370320000e+13
241,251,3.156587280000e+13
242,236,-1.140955200000e+13
242,238,6.519744000000e+12
242,242,2.281910400000e+13
242,244,-1.629936000000e+12
242,248,-1.140955200000e+13
242,250,-4.889808000000e+12
243,237,-1.055725650000e+05
243,243,2.111451300000e+05
243,249,-1.055725650000e+05
244,236,-4.889808000000e+12
244,238,2.716560000000e+12
244,242,-1.629936000000e+12
244,244,5.976432000000e+12
244,248,6.519744000000e+12
244,250,2.716560000000e+12
245,235,3.156587280000e+13
245,239,1.753659600000e+13
245,241,1.052195760000e+13
245,245,3.858051120000e+13
245,247,-4.208783040000e+13
245,251,1.753659600000e+13
246,240,-1.375500000000e+10
246,246,2.751000000000e+10
246,252,-1.375500000000e+10
247,241,-7.365370320000e+13
247,245,-4.208783040000e+13
247,247,1.473074064000e+14
247,251,1.052195760000e+13
247,253,-7.365370320000e+13
247,257,3.156587280000e+13
248,242,-1.140955200000e+13
248,244,6.519744000000e+12
248,248,2.281910400000e+13
248,250,-1.629936000000e+12
248,254,-1.140955200000e+13
248,256,-4.889808000000e+12
249,243,-1.055725650000e+05
249,249,2.111451300000e+05
249,255,-1.055725650000e+05
250,242,-4.889808000000e+12
250,244,2.716560000000e+12
250,248,-1.629936000000e+12
250,250,5.976432000000e+12
250,254,6.519744000000e+12
250,256,2.716560000000e+12
251,241,3.156587280000e+13
251,245,1.753659600000e+13
251,247,1.052195760000e+13
251,251,3.858051120000e+13
251,253,-4.208783040000e+13
251,257,1.753659600000e+13
252,246,-1.375500000000e+10
252,252,2.751000000000e+10
252,258,-1.375500000000e+10
253,247,-7.365370320000e+13
253,251,-4.208783040000e+13
253,253,1.473074064000e+14
253,257,1.052195760000e+13
253,259,-7.365370320000e+13
253,263,3.156587280000e+13
254,248,-1.140955200000e+13
254,250,6.519744000000e+12
254,254,2.281910400000e+13
254,256,-1.629936000000e+12
254,260,-1.140955200000e+13
254,262,-4.889808000000e+12
255,249,-1.055725650000e+05
255,255,2.111451300000e+05
255,261,-1.055725650000e+05
256,248,-4.889808000000e+12
256,250,2.716560000000e+12
256,254,-1.629936000000e+12
256,256,5.976432000000e+12
256,260,6.519744000000e+12
256,262,2.716560000000e+12
257,247,3.156587280000e+13
257,251,1.753659600000e+13
257,253,1.052195760000e+13
257,257,3.858051120000e+13
257,259,-4.208783040000e+13
257,263,1.753659600000e+13
258,252,-1.375500000000e+10
258,258,2.751000000000e+10
258,264,-1.375500000000e+10
259,253,-7.365370320000e+13
259,257,-4.208783040000e+13
259,259,1.473074064000e+14
259,263,1.052195760000e+13
259,265,-7.365370320000e+13
259,269,3.156587280000e+13
260,254,-1.140955200000e+13
260,256,6.519744000000e+12
260,260,2.281910400000e+13
260,262,-1.629936000000e+12
260,266,-1.140955200000e+13
260,268,-4.889808000000e+12
261,255,-1.055725650000e+05
261,261,2.111451300000e+05
261,267,-1.055725650000e+05
262,254,-4.889808000000e+12
262,256,2.716560000000e+12
262,260,-1.629936000000e+12
262,262,5.976432000000e+12
262,266,6.519744000000e+12
262,268,2.716560000000e+12
263,253,3.156587280000e+13
263,257,1.753659600000e+13
263,259,1.052195760000e+13
263,263,3.858051120000e+13
263,265,-4.208783040000e+13
263,269,1.753659600000e+13
264,258,-1.375500000000e+10
264,264,2.751000000000e+10
264,270,-1.375500000000e+10
265,259,-7.365370320000e+13
265,263,-4.208783040000e+13
265,265,1.473074064000e+14
265,269,1.052195760000e+13
265,271,-7.365370320000e+13
265,275,3.156587280000e+13
266,260,-1.140955200000e+13
266,262,6.519744000000e+12
266,266,2.281910400000e+13
266,268,-1.629936000000e+12
266,272,-1.140955200000e+13
266,274,-4.889808000000e+12
267,261,-1.055725650000e+05
267,267,2.111451300000e+05
267,273,-1.055725650000e+05
268,260,-4.889808000000e+12
268,262,2.716560000000e+12
268,266,-1.629936000000e+12
268,268,5.976432000000e+12
268,272,6.519744000000e+12
268,274,2.716560000000e+12
269,259,3.156587280000e+13
269,263,1.753659600000e+13
269,265,1.052195760000e+13
269,269,3.858051120000e+13
269,271,-4.208783040000e+13
269,275,1.753659600000e+13
270,264,-1.375500000000e+10
270,270,2.751000000000e+10
270,276,-1.375500000000e+10
271,265,-7.365370320000e+13
271,269,-4.208783040000e+13
271,271,1.473074064000e+14
271,275,1.052195760000e+13
271,277,-7.365370320000e+13
271,281,3.156587280000e+13
272,266,-1.140955200000e+13
272,268,6.519744000000e+12
272,272,2.281910400000e+13
272,274,-1.629936000000e+12
272,278,-1.140955200000e+13
272,280,-4.889808000000e+12
273,267,-1.055725650000e+05
273,273,2.111451300000e+05
273,279,-1.055725650000e+05
274,266,-4.889808000000e+12
274,268,2.716560000000e+12
274,272,-1.629936000000e+12
274,274,5.976432000000e+12
274,278,6.519744000000e+12
274,280,2.716560000000e+12
275,265,3.156587280000e+13
275,269,1.753659600000e+13
275,271,1.052195760000e+13
275,275,3.858051120000e+13
275,277,-4.208783040000e+13
275,281,1.753659600000e+13
276,270,-1.375500000000e+10
276,276,2.751000000000e+10
276,282,-1.375500000000e+10
277,271,-7.365370320000e+13
277,275,-4.208783040000e+13
277,277,1.473074064000e+14
277,281,1.052195760000e+13
277,283,-7.365370320000e+13
277,287,3.156587280000e+13
278,272,-1.140955200000e+13
278,274,6.519744000000e+12
278,278,2.281910400000e+13
278,280,-1.629936000000e+12
278,284,-1.140955200000e+13
278,286,-4.889808000000e+12
279,273,-1.055725650000e+05
279,279,2.111451300000e+05
279,285,-1.055725650000e+05
280,272,-4.889808000000e+12
280,274,2.716560000000e+12
280,278,-1.629936000000e+12
280,280,5.976432000000e+12
280,284,6.519744000000e+12
280,286,2.716560000000e+12
281,271,3.156587280000e+13
281,275,1.753659600000e+13
281,277,1.052195760000e+13
281,281,3.858051120000e+13
281,283,-4.208783040000e+13
281,287,1.753659600000e+13
282,276,-1.375500000000e+10
282,282,2.751000000000e+10
282,288,-1.375500000000e+10
283,277,-7.365370320000e+13
283,281,-4.208783040000e+13
283,283,1.473074064000e+14
283,287,1.052195760000e+13
283,289,-7.365370320000e+13
283,293,3.156587280000e+13
284,278,-1.140955200000e+13
284,280,6.519744000000e+12
284,284,2.281910400000e+13
284,286,-1.629936000000e+12
284,290,-1.140955200000e+13
284,292,-4.889808000000e+12
285,279,-1.055725650000e+05
285,285,2.111451300000e+05
285,291,-1.055725650000e+05
286,278,-4.889808000000e+12
286,280,2.716560000000e+12
286,284,-1.629936000000e+12
286,286,5.976432000000e+12
286,290,6.519744000000e+12
286,292,2.716560000000e+12
287,277,3.156587280000e+13
287,281,1.753659600000e+13
287,283,1.052195760000e+13
287,287,3.858051120000e+13
287,289,-4.208783040000e+13
287,293,1.753659600000e+13
288,282,-1.375500000000e+10
288,288,2.751000000000e+10
288,294,-1.375500000000e+10
289,283,-7.365370320000e+13
289,287,-4.208783040000e+13
289,289,1.473074064000e+14
289,293,1.052195760000e+13
289,295,-7.365370320000e+13
289,299,3.156587280000e+13
290,284,-1.140955200000e+13
290,286,6.519744000000e+12
290,290,2.281910400000e+13
290,292,-1.629936000000e+12
290,296,-1.140955200000e+13
290,298,-4.889808000000e+12
291,285,-1.055725650000e+05
291,291,2.111451300000e+05
291,297,-1.055725650000e+05
292,284,-4.889808000000e+12
292,286,2.716560000000e+12
292,290,-1.629936000000e+12
292,292,5.976432000000e+12
292,296,6.519744000000e+12
292,298,2.716560000000e+12
293,283,3.156587280000e+13
293,287,1.753659600000e+13
293,289,1.052195760000e+13
293,293,3.858051120000e+13
293,295,-4.208783040000e+13
293,299,1.753659600000e+13
294,288,-1.375500000000e+10
294,294,2.751000000000e+10
294,300,-1.375500000000e+10
295,289,-7.365370320000e+13
295,293,-4.208783040000e+13
295,295,1.473074064000e+14
295,299,1.052195760000e+13
295,301,-7.365370320000e+13
295,305,3.156587280000e+13
296,290,-1.140955200000e+13
296,292,6.519744000000e+12
296,296,2.281910400000e+13
296,298,-1.629936000000e+12
296,302,-1.140955200000e+13
296,304,-4.889808000000e+12
297,291,-1.055725650000e+05
297,297,2.111451300000e+05
297,303,-1.055725650000e+05
298,290,-4.889808000000e+12
298,292,2.716560000000e+12
298,296,-1.629936000000e+12
298,298,5.976432000000e+12
298,302,6.519744000000e+12
298,304,2.716560000000e+12
299,289,3.156587280000e+13
299,293,1.753659600000e+13
299,295,1.052195760000e+13
299,299,3.858051120000e+13
299,301,-4.208783040000e+13
299,305,1.753659600000e+13
300,294,-1.375500000000e+10
300,300,2.751000000000e+10
300,306,-1.375500000000e+10
301,295,-7.365370320000e+13
301,299,-4.208783040000e+13
301,301,1.473074064000e+14
301,305,1.052195760000e+13
301,307,-7.365370320000e+13
301,311,3.156587280000e+13
302,296,-1.140955200000e+13
302,298,6.519744000000e+12
302,302,2.281910400000e+13
302,304,-1.629936000000e+12
302,308,-1.140955200000e+13
302,310,-4.889808000000e+12
303,297,-1.055725650000e+05
303,303,2.111451300000e+05
303,309,-1.055725650000e+05
304,296,-4.889808000000e+12
304,298,2.716560000000e+12
304,302,-1.629936000000e+12
304,304,5.976432000000e+12
304,308,6.519744000000e+12
304,310,2.716560000000e+12
305,295,3.156587280000e+13
305,299,1.753659600000e+13
305,301,1.052195760000e+13
305,305,3.858051120000e+13
305,307,-4.208783040000e+13
305,311,1.753659600000e+13
306,300,-1.375500000000e+10
306,306,2.751000000000e+10
306,312,-1.375500000000e+10
307,301,-7.365370320000e+13
307,305,-4.208783040000e+13
307,307,1.473074064000e+14
307,311,1.052195760000e+13
307,313,-7.365370320000e+13
307,317,3.156587280000e+13
308,302,-1.140955200000e+13
308,304,6.519744000000e+12
308,308,2.281910400000e+13
308,310,-1.629936000000e+12
308,314,-1.140955200000e+13
308,316,-4.889808000000e+12
309,303,-1.055725650000e+05
309,309,2.111451300000e+05
309,315,-1.055725650000e+05
310,302,-4.889808000000e+12
310,304,2.716560000000e+12
310,308,-1.629936000000e+12
310,310,5.976432000000e+12
310,314,6.519744000000e+12
310,316,2.716560000000e+12
311,301,3.156587280000e+13
311,305,1.753659600000e+13
311,307,1.052195760000e+13
311,311,3.858051120000e+13
311,313,-4.208783040000e+13
311,317,1.753659600000e+13
312,306,-1.375500000000e+10
312,312,2.751000000000e+10
312,318,-1.375500000000e+10
313,307,-7.365370320000e+13
313,311,-4.208783040000e+13
313,313,1.473074064000e+14
313,317,1.052195760000e+13
313,319,-7.365370320000e+13
313,323,3.156587280000e+13
314,308,-1.140955200000e+13
314,310,6.519744000000e+12
314,314,2.281910400000e+13
314,316,-1.629936000000e+12
314,320,-1.140955200000e+13
314,322,-4.889808000000e+12
315,309,-1.055725650000e+05
315,315,2.111451300000e+05
315,321,-1.055725650000e+05
316,308,-4.889808000000e+12
316,310,2.716560000000e+12
316,314,-1.629936000000e+12
316,316,5.976432000000e+12
316,320,6.519744000000e+12
316,322,2.716560000000e+12
317,307,3.156587280000e+13
317,311,1.753659600000e+13
317,313,1.052195760000e+13
317,317,3.858051120000e+13
317,319,-4.208783040000e+13
317,323,1.753659600000e+13
318,312,-1.375500000000e+10
318,318,2.751000000000e+10
318,324,-1.375500000000e+10
319,313,-7.365370320000e+13
319,317,-4.208783040000e+13
319,319,1.473074064000e+14
319,323,1.052195760000e+13
319,325,-7.365370320000e+13
319,329,3.156587280000e+13
320,314,-1.140955200000e+13
320,316,6.519744000000e+12
320,320,2.281910400000e+13
320,322,-1.629936000000e+12
320,326,-1.140955200000e+13
320,328,-4.889808000000e+12
321,315,-1.055725650000e+05
321,321,2.111451300000e+05
321,327,-1.055725650000e+05
322,314,-4.889808000000e+12
322,316,2.716560000000e+12
322,320,-1.629936000000e+12
322,322,5.976432000000e+12
322,326,6.519744000000e+12
322,328,2.716560000000e+12
323,313,3.156587280000e+13
323,317,1.753659600000e+13
323,319,1.052195760000e+13
323,323,3.858051120000e+13
323,325,-4.208783040000e+13
323,329,1.753659600000e+13
324,318,-1.375500000000e+10
324,324,2.751000000000e+10
324,330,-1.375500000000e+10
325,319,-7.365370320000e+13
325,323,-4.208783040000e+13
325,325,1.473074064000e+14
325,329,1.052195760000e+13
325,331,-7.365370320000e+13
325,335,3.156587280000e+13
326,320,-1.140955200000e+13
326,322,6.519744000000e+12
326,326,2.281910400000e+13
326,328,-1.629936000000e+12
326,332,-1.140955200000e+13
326,334,-4.889808000000e+12
327,321,-1.055725650000e+05
327,327,2.111451300000e+05
327,333,-1.055725650000e+05
328,320,-4.889808000000e+12
328,322,2.716560000000e+12
328,326,-1.629936000000e+12
328,328,5.976432000000e+12
328,332,6.519744000000e+12
328,334,2.716560000000e+12
329,319,3.156587280000e+13
329,323,1.753659600000e+13
329,325,1.052195760000e+13
329,329,3.858051120000e+13
329,331,-4.208783040000e+13
329,335,1.753659600000e+13
330,324,-1.375500000000e+10
330,330,2.751000000000e+10
330,336,-1.375500000000e+10
331,325,-7.365370320000e+13
331,329,-4.208783040000e+13
331,331,1.473074064000e+14
331,335,1.052195760000e+13
331,337,-7.365370320000e+13
331,341,3.156587280000e+13
332,326,-1.140955200000e+13
332,328,6.519744000000e+12
332,332,2.281910400000e+13
332,334,-1.629936000000e+12
332,338,-1.140955200000e+13
332,340,-4.889808000000e+12
333,327,-1.055725650000e+05
333,333,2.111451300000e+05
333,339,-1.055725650000e+05
334,326,-4.889808000000e+12
334,328,2.716560000000e+12
334,332,-1.629936000000e+12
334,334,5.976432000000e+12
334,338,6.519744000000e+12
334,340,2.716560000000e+12
335,325,3.156587280000e+13
335,329,1.753659600000e+13
335,331,1.052195760000e+13
335,335,3.858051120000e+13
335,337,-4.208783040000e+13
335,341,1.753659600000e+13
336,330,-1.375500000000e+10
336,336,2.751000000000e+10
336,342,-1.375500000000e+10
337,331,-7.365370320000e+13
337,335,-4.208783040000e+13
337,337,1.473074064000e+14
337,341,1.052195760000e+13
337,343,-7.365370320000e+13
337,347,3.156587280000e+13
338,332,-1.140955200000e+13
338,334,6.519744000000e+12
338,338,2.281910400000e+13
338,340,-1.629936000000e+12
338,344,-1.140955200000e+13
338,346,-4.889808000000e+12
339,333,-1.055725650000e+05
339,339,2.111451300000e+05
339,345,-1.055725650000e+05
340,332,-4.889808000000e+12
340,334,2.716560000000e+12
340,338,-1.629936000000e+12
340,340,5.976432000000e+12
340,344,6.519744000000e+12
340,346,2.716560000000e+12
341,331,3.156587280000e+13
341,335,1.753659600000e+13
341,337,1.052195760000e+13
341,341,3.858051120000e+13
341,343,-4.208783040000e+13
341,347,1.753659600000e+13
342,336,-1.375500000000e+10
342,342,2.751000000000e+10
342,348,-1.375500000000e+10
343,337,-7.365370320000e+13
343,341,-4.208783040000e+13
343,343,1.473074064000e+14
343,347,1.052195760000e+13
343,349,-7.365370320000e+13
343,353,3.156587280000e+13
344,338,-1.140955200000e+13
344,340,6.519744000000e+12
344,344,2.281910400000e+13
344,346,-1.629936000000e+12
344,350,-1.140955200000e+13
344,352,-4.889808000000e+12
345,339,-1.055725650000e+05
345,345,2.111451300000e+05
345,351,-1.055725650000e+05
346,338,-4.889808000000e+12
346,340,2.716560000000e+12
346,344,-1.629936000000e+12
346,346,5.976432000000e+12
346,350,6.519744000000e+12
346,352,2.716560000000e+12
347,337,3.156587280000e+13
347,341,1.753659600000e+13
347,343,1.052195760000e+13
347,347,3.858051120000e+13
347,349,-4.208783040000e+13
347,353,1.753659600000e+13
348,342,-1.375500000000e+10
348,348,2.751000000000e+10
348,354,-1.375500000000e+10
349,343,-7.365370320000e+13
349,347,-4.208783040000e+13
349,349,1.473074064000e+14
349,353,1.052195760000e+13
349,355,-7.365370320000e+13
349,359,3.156587280000e+13
350,344,-1.140955200000e+13
350,346,6.519744000000e+12
350,350,2.281910400000e+13
350,352,-1.629936000000e+12
350,356,-1.140955200000e+13
350,358,-4.889808000000e+12
351,345,-1.055725650000e+05
351,351,2.111451300000e+05
351,357,-1.055725650000e+05
352,344,-4.889808000000e+12
352,346,2.716560000000e+12
352,350,-1.629936000000e+12
352,352,5.976432000000e+12
352,356,6.519744000000e+12
352,358,2.716560000000e+12
353,343,3.156587280000e+13
353,347,1.753659600000e+13
353,349,1.052195760000e+13
353,353,3.858051120000e+13
353,355,-4.208783040000e+13
353,359,1.753659600000e+13
354,348,-1.375500000000e+10
354,354,2.751000000000e+10
354,360,-1.375500000000e+10
355,349,-7.365370320000e+13
355,353,-4.208783040000e+13
355,355,1.473074064000e+14
355,359,1.052195760000e+13
355,361,-7.365370320000e+13
355,365,3.156587280000e+13
356,350,-1.140955200000e+13
356,352,6.519744000000e+12
356,356,2.281910400000e+13
356,358,-1.629936000000e+12
356,362,-1.140955200000e+13
356,364,-4.889808000000e+12
357,351,-1.055725650000e+05
357,357,2.111451300000e+05
357,363,-1.055725650000e+05
358,350,-4.889808000000e+12
358,352,2.716560000000e+12
358,356,-1.629936000000e+12
358,358,5.976432000000e+12
358,362,6.519744000000e+12
358,364,2.716560000000e+12
359,349,3.156587280000e+13
359,353,1.753659600000e+13
359,355,1.052195760000e+13
359,359,3.858051120000e+13
359,361,-4.208783040000e+13
359,365,1.753659600000e+13
360,354,-1.375500000000e+10
360,360,2.751000000000e+10
360,366,-1.375500000000e+10
361,355,-7.365370320000e+13
361,359,-4.208783040000e+13
361,361,1.473074064000e+14
361,365,1.052195760000e+13
361,367,-7.365370320000e+13
361,371,3.156587280000e+13
362,356,-1.140955200000e+13
362,358,6.519744000000e+12
362,362,2.281910400000e+13
362,364,-1.629936000000e+12
362,368,-1.140955200000e+13
362,370,-4.889808000000e+12
363,357,-1.055725650000e+05
363,363,2.111451300000e+05
363,369,-1.055725650000e+05
364,356,-4.889808000000e+12
364,358,2.716560000000e+12
364,362,-1.629936000000e+12
364,364,5.976432000000e+12
364,368,6.519744000000e+12
364,370,2.716560000000e+12
365,355,3.156587280000e+13
365,359,1.753659600000e+13
365,361,1.052195760000e+13
365,365,3.858051120000e+13
365,367,-4.208783040000e+13
365,371,1.753659600000e+13
366,360,-1.375500000000e+10
366,366,2.751000000000e+10
366,372,-1.375500000000e+10
367,361,-7.365370320000e+13
367,365,-4.208783040000e+13
367,367,1.473074064000e+14
367,371,1.052195760000e+13
367,373,-7.365370320000e+13
367,377,3.156587280000e+13
368,362,-1.140955200000e+13
368,364,6.519744000000e+12
368,368,2.281910400000e+13
368,370,-1.629936000000e+12
368,374,-1.140955200000e+13
368,376,-4.889808000000e+12
369,363,-1.055725650000e+05
369,369,2.111451300000e+05
369,375,-1.055725650000e+05
370,362,-4.889808000000e+12
370,364,2.716560000000e+12
370,368,-1.629936000000e+12
370,370,5.976432000000e+12
370,374,6.519744000000e+12
370,376,2.716560000000e+12
371,361,3.156587280000e+13
371,365,1.753659600000e+13
371,367,1.052195760000e+13
371,371,3.858051120000e+13
371,373,-4.208783040000e+13
371,377,1.753659600000e+13
372,366,-1.375500000000e+10
372,372,2.751000000000e+10
372,378,-1.375500000000e+10
373,367,-7.365370320000e+13
373,371,-4.208783040000e+13
373,373,1.473074064000e+14
373,377,1.052195760000e+13
373,379,-7.365370320000e+13
373,383,3.156587280000e+13
374,368,-1.140955200000e+13
374,370,6.519744000000e+12
374,374,2.281910400000e+13
374,376,-1.629936000000e+12
374,380,-1.140955200000e+13
374,382,-4.889808000000e+12
375,369,-1.055725650000e+05
375,375,2.111451300000e+05
375,381,-1.055725650000e+05
376,368,-4.889808000000e+12
376,370,2.716560000000e+12
376,374,-1.629936000000e+12
376,376,5.976432000000e+12
376,380,6.519744000000e+12
376,382,2.716560000000e+12
377,367,3.156587280000e+13
377,371,1.753659600000e+13
377,373,1.052195760000e+13
377,377,3.858051120000e+13
377,379,-4.208783040000e+13
377,383,1.753659600000e+13
378,372,-1.375500000000e+10
378,378,2.751000000000e+10
378,384,-1.375500000000e+10
379,373,-7.365370320000e+13
379,377,-4.208783040000e+13
379,379,1.473074064000e+14
379,383,1.052195760000e+13
379,385,-7.365370320000e+13
379,389,3.156587280000e+13
380,374,-1.140955200000e+13
380,376,6.519744000000e+12
380,380,2.281910400000e+13
380,382,-1.629936000000e+12
380,386,-1.140955200000e+13
380,388,-4.889808000000e+12
381,375,-1.055725650000e+05
381,381,2.111451300000e+05
381,387,-1.055725650000e+05
382,374,-4.889808000000e+12
382,376,2.716560000000e+12
382,380,-1.629936000000e+12
382,382,5.976432000000e+12
382,386,6.519744000000e+12
382,388,2.716560000000e+12
383,373,3.156587280000e+13
383,377,1.753659600000e+13
383,379,1.052195760000e+13
383,383,3.858051120000e+13
383,385,-4.208783040000e+13
383,389,1.753659600000e+13
384,378,-1.375500000000e+10
384,384,2.751000000000e+10
384,390,-1.375500000000e+10
385,379,-7.365370320000e+13
385,383,-4.208783040000e+13
385,385,1.473074064000e+14
385,389,1.052195760000e+13
385,391,-7.365370320000e+13
385,395,3.156587280000e+13
386,380,-1.140955200000e+13
386,382,6.519744000000e+12
386,386,2.281910400000e+13
386,388,-1.629936000000e+12
386,392,-1.140955200000e+13
386,394,-4.889808000000e+12
387,381,-1.055725650000e+05
387,387,2.111451300000e+05
387,393,-1.055725650000e+05
388,380,-4.889808000000e+12
388,382,2.716560000000e+12
388,386,-1.629936000000e+12
388,388,5.976432000000e+12
388,392,6.519744000000e+12
388,394,2.716560000000e+12
389,379,3.156587280000e+13
389,383,1.753659600000e+13
389,385,1.052195760000e+13
389,389,3.858051120000e+13
389,391,-4.208783040000e+13
389,395,1.753659600000e+13
390,384,-1.375500000000e+10
390,390,2.751000000000e+10
390,396,-1.375500000000e+10
391,385,-7.365370320000e+13
391,389,-4.208783040000e+13
391,391,1.473074064000e+14
391,395,1.052195760000e+13
391,397,-7.365370320000e+13
391,401,3.156587280000e+13
392,386,-1.140955200000e+13
392,388,6.519744000000e+12
392,392,2.281910400000e+13
392,394,-1.629936000000e+12
392,398,-1.140955200000e+13
392,400,-4.889808000000e+12
393,387,-1.055725650000e+05
393,393,2.111451300000e+05
393,399,-1.055725650000e+05
394,386,-4.889808000000e+12
394,388,2.716560000000e+12
394,392,-1.629936000000e+12
394,394,5.976432000000e+12
394,398,6.519744000000e+12
394,400,2.716560000000e+12
395,385,3.156587280000e+13
395,389,1.753659600000e+13
395,391,1.052195760000e+13
395,395,3.858051120000e+13
395,397,-4.208783040000e+13
395,401,1.753659600000e+13
396,390,-1.375500000000e+10
396,396,2.751000000000e+10
396,402,-1.375500000000e+10
397,391,-7.365370320000e+13
397,395,-4.208783040000e+13
397,397,1.473074064000e+14
397,401,1.052195760000e+13
397,403,-7.365370320000e+13
397,407,3.156587280000e+13
398,392,-1.140955200000e+13
398,394,6.519744000000e+12
398,398,2.281910400000e+13
398,400,-1.629936000000e+12
398,404,-1.140955200000e+13
398,406,-4.889808000000e+12
399,393,-1.055725650000e+05
399,399,2.111451300000e+05
399,405,-1.055725650000e+05
400,392,-4.889808000000e+12
400,394,2.716560000000e+12
400,398,-1.629936000000e+12
400,400,5.976432000000e+12
400,404,6.519744000000e+12
400,406,2.716560000000e+12
401,391,3.156587280000e+13
401,395,1.753659600000e+13
401,397,1.052195760000e+13
401,401,3.858051120000e+13
401,403,-4.208783040000e+13
401,407,1.753659600000e+13
402,396,-1.375500000000e+10
402,402,2.751000000000e+10
402,408,-1.375500000000e+10
403,397,-7.365370320000e+13
403,401,-4.208783040000e+13
403,403,1.473074064000e+14
403,407,1.052195760000e+13
403,409,-7.365370320000e+13
403,413,3.156587280000e+13
404,398,-1.140955200000e+13
404,400,6.519744000000e+12
404,404,2.281910400000e+13
404,406,-1.629936000000e+12
404,410,-1.140955200000e+13
404,412,-4.889808000000e+12
405,399,-1.055725650000e+05
405,405,2.111451300000e+05
405,411,-1.055725650000e+05
406,398,-4.889808000000e+12
406,400,2.716560000000e+12
406,404,-1.629936000000e+12
406,406,5.976432000000e+12
406,410,6.519744000000e+12
406,412,2.716560000000e+12
407,397,3.156587280000e+13
407,401,1.753659600000e+13
407,403,1.052195760000e+13
407,407,3.858051120000e+13
407,409,-4.208783040000e+13
407,413,1.753659600000e+13
408,402,-1.375500000000e+10
408,408,2.751000000000e+10
408,414,-1.375500000000e+10
409,403,-7.365370320000e+13
409,407,-4.208783040000e+13
409,409,1.473074064000e+14
409,413,1.052195760000e+13
409,415,-7.365370320000e+13
409,419,3.156587280000e+13
410,404,-1.140955200000e+13
410,406,6.519744000000e+12
410,410,2.281910400000e+13
410,412,-1.629936000000e+12
410,416,-1.140955200000e+13
410,418,-4.889808000000e+12
411,405,-1.055725650000e+05
411,411,2.111451300000e+05
411,417,-1.055725650000e+05
412,404,-4.889808000000e+12
412,406,2.716560000000e+12
412,410,-1.629936000000e+12
412,412,5.976432000000e+12
412,416,6.519744000000e+12
412,418,2.716560000000e+12
413,403,3.156587280000e+13
413,407,1.753659600000e+13
413,409,1.052195760000e+13
413,413,3.858051120000e+13
413,415,-4.208783040000e+13
413,419,1.753659600000e+13
414,408,-1.375500000000e+10
414,414,2.751000000000e+10
414,420,-1.375500000000e+10
415,409,-7.365370320000e+13
415,413,-4.208783040000e+13
415,415,1.473074064000e+14
415,419,1.052195760000e+13
415,421,-7.365370320000e+13
415,425,3.156587280000e+13
416,410,-1.140955200000e+13
416,412,6.519744000000e+12
416,416,2.281910400000e+13
416,418,-1.629936000000e+12
416,422,-1.140955200000e+13
416,424,-4.889808000000e+12
417,411,-1.055725650000e+05
417,417,2.111451300000e+05
417,423,-1.055725650000e+05
418,410,-4.889808000000e+12
418,412,2.716560000000e+12
418,416,-1.629936000000e+12
418,418,5.976432000000e+12
418,422,6.519744000000e+12
418,424,2.716560000000e+12
419,409,3.156587280000e+13
419,413,1.753659600000e+13
419,415,1.052195760000e+13
419,419,3.858051120000e+13
419,421,-4.208783040000e+13
419,425,1.753659600000e+13
420,414,-1.375500000000e+10
420,420,2.751000000000e+10
420,426,-1.375500000000e+10
421,415,-7.365370320000e+13
421,419,-4.208783040000e+13
421,421,1.473074064000e+14
421,425,1.052195760000e+13
421,427,-7.365370320000e+13
421,431,3.156587280000e+13
422,416,-1.140955200000e+13
422,418,6.519744000000e+12
422,422,2.281910400000e+13
422,424,-1.629936000000e+12
422,428,-1.140955200000e+13
422,430,-4.889808000000e+12
423,417,-1.055725650000e+05
423,423,2.111451300000e+05
423,429,-1.055725650000e+05
424,416,-4.889808000000e+12
424,418,2.716560000000e+12
424,422,-1.629936000000e+12
424,424,5.976432000000e+12
424,428,6.519744000000e+12
424,430,2.716560000000e+12
425,415,3.156587280000e+13
425,419,1.753659600000e+13
425,421,1.052195760000e+13
425,425,3.858051120000e+13
425,427,-4.208783040000e+13
425,431,1.753659600000e+13
426,420,-1.375500000000e+10
426,426,2.751000000000e+10
426,432,-1.375500000000e+10
427,421,-7.365370320000e+13
427,425,-4.208783040000e+13
427,427,1.473074064000e+14
427,431,1.052195760000e+13
427,433,-7.365370320000e+13
427,437,3.156587280000e+13
428,422,-1.140955200000e+13
428,424,6.519744000000e+12
428,428,2.281910400000e+13
428,430,-1.629936000000e+12
428,434,-1.140955200000e+13
428,436,-4.889808000000e+12
429,423,-1.055725650000e+05
429,429,2.111451300000e+05
429,435,-1.055725650000e+05
430,422,-4.889808000000e+12
430,424,2.716560000000e+12
430,428,-1.629936000000e+12
430,430,5.976432000000e+12
430,434,6.519744000000e+12
430,436,2.716560000000e+12
431,421,3.156587280000e+13
431,425,1.753659600000e+13
431,427,1.052195760000e+13
431,431,3.858051120000e+13
431,433,-4.208783040000e+13
431,437,1.753659600000e+13
432,426,-1.375500000000e+10
432,432,2.751000000000e+10
432,438,-1.375500000000e+10
433,427,-7.365370320000e+13
433,431,-4.208783040000e+13
433,433,1.473074064000e+14
433,437,1.052195760000e+13
433,439,-7.365370320000e+13
433,443,3.156587280000e+13
434,428,-1.140955200000e+13
434,430,6.519744000000e+12
434,434,2.281910400000e+13
434,436,-1.629936000000e+12
434,440,-1.140955200000e+13
434,442,-4.889808000000e+12
435,429,-1.055725650000e+05
435,435,2.111451300000e+05
435,441,-1.055725650000e+05
436,428,-4.889808000000e+12
436,430,2.716560000000e+12
436,434,-1.629936000000e+12
436,436,5.976432000000e+12
436,440,6.519744000000e+12
436,442,2.716560000000e+12
437,427,3.156587280000e+13
437,431,1.753659600000e+13
437,433,1.052195760000e+13
437,437,3.858051120000e+13
437,439,-4.208783040000e+13
437,443,1.753659600000e+13
438,432,-1.375500000000e+10
438,438,2.751000000000e+10
438,444,-1.375500000000e+10
439,433,-7.365370320000e+13
439,437,-4.208783040000e+13
439,439,1.473074064000e+14
439,443,1.052195760000e+13
439,445,-7.365370320000e+13
439,449,3.156587280000e+13
440,434,-1.140955200000e+13
440,436,6.519744000000e+12
440,440,2.281910400000e+13
440,442,-1.629936000000e+12
440,446,-1.140955200000e+13
440,448,-4.889808000000e+12
441,435,-1.055725650000e+05
441,441,2.111451300000e+05
441,447,-1.055725650000e+05
442,434,-4.889808000000e+12
442,436,2.716560000000e+12
442,440,-1.629936000000e+12
442,442,5.976432000000e+12
442,446,6.519744000000e+12
442,448,2.716560000000e+12
443,433,3.156587280000e+13
443,437,1.753659600000e+13
443,439,1.052195760000e+13
443,443,3.858051120000e+13
443,445,-4.208783040000e+13
443,449,1.753659600000e+13
444,438,-1.375500000000e+10
444,444,2.751000000000e+10
444,450,-1.375500000000e+10
445,439,-7.365370320000e+13
445,443,-4.208783040000e+13
445,445,1.473074064000e+14
445,449,1.052195760000e+13
445,451,-7.365370320000e+13
445,455,3.156587280000e+13
446,440,-1.140955200000e+13
446,442,6.519744000000e+12
446,446,2.281910400000e+13
446,448,-1.629936000000e+12
446,452,-1.140955200000e+13
446,454,-4.889808000000e+12
447,441,-1.055725650000e+05
447,447,2.111451300000e+05
447,453,-1.055725650000e+05
448,440,-4.889808000000e+12
448,442,2.716560000000e+12
448,446,-1.629936000000e+12
448,448,5.976432000000e+12
448,452,6.519744000000e+12
448,454,2.716560000000e+12
449,439,3.156587280000e+13
449,443,1.753659600000e+13
449,445,1.052195760000e+13
449,449,3.858051120000e+13
449,451,-4.208783040000e+13
449,455,1.753659600000e+13
450,444,-1.375500000000e+10
450,450,2.751000000000e+10
450,456,-1.375500000000e+10
451,445,-7.365370320000e+13
451,449,-4.208783040000e+13
451,451,1.473074064000e+14
451,455,1.052195760000e+13
451,457,-7.365370320000e+13
451,461,3.156587280000e+13
452,446,-1.140955200000e+13
452,448,6.519744000000e+12
452,452,2.281910400000e+13
452,454,-1.629936000000e+12
452,458,-1.140955200000e+13
452,460,-4.889808000000e+12
453,447,-1.055725650000e+05
453,453,2.111451300000e+05
453,459,-1.055725650000e+05
454,446,-4.889808000000e+12
454,448,2.716560000000e+12
454,452,-1.629936000000e+12
454,454,5.976432000000e+12
454,458,6.519744000000e+12
454,460,2.716560000000e+12
455,445,3.156587280000e+13
455,449,1.753659600000e+13
455,451,1.052195760000e+13
455,455,3.858051120000e+13
455,457,-4.208783040000e+13
455,461,1.753659600000e+13
456,450,-1.375500000000e+10
456,456,2.751000000000e+10
456,462,-1.375500000000e+10
457,451,-7.365370320000e+13
457,455,-4.208783040000e+13
457,457,1.473074064000e+14
457,461,1.052195760000e+13
457,463,-7.365370320000e+13
457,467,3.156587280000e+13
458,452,-1.140955200000e+13
458,454,6.519744000000e+12
458,458,2.281910400000e+13
458,460,-1.629936000000e+12
458,464,-1.140955200000e+13
458,466,-4.889808000000e+12
459,453,-1.055725650000e+05
459,459,2.111451300000e+05
459,465,-1.055725650000e+05
460,452,-4.889808000000e+12
460,454,2.716560000000e+12
460,458,-1.629936000000e+12
460,460,5.976432000000e+12
460,464,6.519744000000e+12
460,466,2.716560000000e+12
461,451,3.156587280000e+13
461,455,1.753659600000e+13
461,457,1.052195760000e+13
461,461,3.858051120000e+13
461,463,-4.208783040000e+13
461,467,1.753659600000e+13
462,456,-1.375500000000e+10
462,462,2.751000000000e+10
462,468,-1.375500000000e+10
463,457,-7.365370320000e+13
463,461,-4.208783040000e+13
463,463,1.473074064000e+14
463,467,1.052195760000e+13
463,469,-7.365370320000e+13
463,473,3.156587280000e+13
464,458,-1.140955200000e+13
464,460,6.519744000000e+12
464,464,2.281910400000e+13
464,466,-1.629936000000e+12
464,470,-1.140955200000e+13
464,472,-4.889808000000e+12
465,459,-1.055725650000e+05
465,465,2.111451300000e+05
465,471,-1.055725650000e+05
466,458,-4.889808000000e+12
466,460,2.716560000000e+12
466,464,-1.629936000000e+12
466,466,5.976432000000e+12
466,470,6.519744000000e+12
466,472,2.716560000000e+12
467,457,3.156587280000e+13
467,461,1.753659600000e+13
467,463,1.052195760000e+13
467,467,3.858051120000e+13
467,469,-4.208783040000e+13
467,473,1.753659600000e+13
468,462,-1.375500000000e+10
468,468,2.751000000000e+10
468,474,-1.375500000000e+10
469,463,-7.365370320000e+13
469,467,-4.208783040000e+13
469,469,1.473074064000e+14
469,473,1.052195760000e+13
469,475,-7.365370320000e+13
469,479,3.156587280000e+13
470,464,-1.140955200000e+13
470,466,6.519744000000e+12
470,470,2.281910400000e+13
470,472,-1.629936000000e+12
470,476,-1.140955200000e+13
470,478,-4.889808000000e+12
471,465,-1.055725650000e+05
471,471,2.111451300000e+05
471,477,-1.055725650000e+05
472,464,-4.889808000000e+12
472,466,2.716560000000e+12
472,470,-1.629936000000e+12
472,472,5.976432000000e+12
472,476,6.519744000000e+12
472,478,2.716560000000e+12
473,463,3.156587280000e+13
473,467,1.753659600000e+13
473,469,1.052195760000e+13
473,473,3.858051120000e+13
473,475,-4.208783040000e+13
473,479,1.753659600000e+13
474,468,-1.375500000000e+10
474,474,2.751000000000e+10
474,480,-1.375500000000e+10
475,469,-7.365370320000e+13
475,473,-4.208783040000e+13
475,475,1.473074064000e+14
475,479,1.052195760000e+13
475,481,-7.365370320000e+13
475,485,3.156587280000e+13
476,470,-1.140955200000e+13
476,472,6.519744000000e+12
476,476,2.281910400000e+13
476,478,-1.629936000000e+12
476,482,-1.140955200000e+13
476,484,-4.889808000000e+12
477,471,-1.055725650000e+05
477,477,2.111451300000e+05
477,483,-1.055725650000e+05
478,470,-4.889808000000e+12
478,472,2.716560000000e+12
478,476,-1.629936000000e+12
478,478,5.976432000000e+12
478,482,6.519744000000e+12
478,484,2.716560000000e+12
479,469,3.156587280000e+13
479,473,1.753659600000e+13
479,475,1.052195760000e+13
479,479,3.858051120000e+13
479,481,-4.208783040000e+13
479,485,1.753659600000e+13
480,474,-1.375500000000e+10
480,480,2.751000000000e+10
480,486,-1.375500000000e+10
481,475,-7.365370320000e+13
481,479,-4.208783040000e+13
481,481,1.473074064000e+14
481,485,1.052195760000e+13
481,487,-7.365370320000e+13
481,491,3.156587280000e+13
482,476,-1.140955200000e+13
482,478,6.519744000000e+12
482,482,2.281910400000e+13
482,484,-1.629936000000e+12
482,488,-1.140955200000e+13
482,490,-4.889808000000e+12
483,477,-1.055725650000e+05
483,483,2.111451300000e+05
483,489,-1.055725650000e+05
484,476,-4.889808000000e+12
484,478,2.716560000000e+12
484,482,-1.629936000000e+12
484,484,5.976432000000e+12
484,488,6.519744000000e+12
484,490,2.716560000000e+12
485,475,3.156587280000e+13
485,479,1.753659600000e+13
485,481,1.052195760000e+13
485,485,3.858051120000e+13
485,487,-4.208783040000e+13
485,491,1.753659600000e+13
486,480,-1.375500000000e+10
486,486,2.751000000000e+10
486,492,-1.375500000000e+10
487,481,-7.365370320000e+13
487,485,-4.208783040000e+13
487,487,1.473074064000e+14
487,491,1.052195760000e+13
487,493,-7.365370320000e+13
487,497,3.156587280000e+13
488,482,-1.140955200000e+13
488,484,6.519744000000e+12
488,488,2.281910400000e+13
488,490,-1.629936000000e+12
488,494,-1.140955200000e+13
488,496,-4.889808000000e+12
489,483,-1.055725650000e+05
489,489,2.111451300000e+05
489,495,-1.055725650000e+05
490,482,-4.889808000000e+12
490,484,2.716560000000e+12
490,488,-1.629936000000e+12
490,490,5.976432000000e+12
490,494,6.519744000000e+12
490,496,2.716560000000e+12
491,481,3.156587280000e+13
491,485,1.753659600000e+13
491,487,1.052195760000e+13
491,491,3.858051120000e+13
491,493,-4.208783040000e+13
491,497,1.753659600000e+13
492,486,-1.375500000000e+10
492,492,2.751000000000e+10
492,498,-1.375500000000e+10
493,487,-7.365370320000e+13
493,491,-4.208783040000e+13
493,493,1.473074064000e+14
493,497,1.052195760000e+13
493,499,-7.365370320000e+13
493,503,3.156587280000e+13
494,488,-1.140955200000e+13
494,490,6.519744000000e+12
494,494,2.281910400000e+13
494,496,-1.629936000000e+12
494,500,-1.140955200000e+13
494,502,-4.889808000000e+12
495,489,-1.055725650000e+05
495,495,2.111451300000e+05
495,501,-1.055725650000e+05
496,488,-4.889808000000e+12
496,490,2.716560000000e+12
496,494,-1.629936000000e+12
496,496,5.976432000000e+12
496,500,6.519744000000e+12
496,502,2.716560000000e+12
497,487,3.156587280000e+13
497,491,1.753659600000e+13
497,493,1.052195760000e+13
497,497,3.858051120000e+13
497,499,-4.208783040000e+13
497,503,1.753659600000e+13
498,492,-1.375500000000e+10
498,498,2.751000000000e+10
498,504,-1.375500000000e+10
499,493,-7.365370320000e+13
499,497,-4.208783040000e+13
499,499,1.473074064000e+14
499,503,1.052195760000e+13
499,505,-7.365370320000e+13
499,509,3.156587280000e+13
500,494,-1.140955200000e+13
500,496,6.519744000000e+12
500,500,2.281910400000e+13
500,502,-1.629936000000e+12
500,506,-1.140955200000e+13
500,508,-4.889808000000e+12
501,495,-1.055725650000e+05
501,501,2.111451300000e+05
501,507,-1.055725650000e+05
502,494,-4.889808000000e+12
502,496,2.716560000000e+12
502,500,-1.629936000000e+12
502,502,5.976432000000e+12
502,506,6.519744000000e+12
502,508,2.716560000000e+12
503,493,3.156587280000e+13
503,497,1.753659600000e+13
503,499,1.052195760000e+13
503,503,3.858051120000e+13
503,505,-4.208783040000e+13
503,509,1.753659600000e+13
504,498,-1.375500000000e+10
504,504,2.751000000000e+10
504,510,-1.375500000000e+10
505,499,-7.365370320000e+13
505,503,-4.208783040000e+13
505,505,1.473074064000e+14
505,509,1.052195760000e+13
505,511,-7.365370320000e+13
505,515,3.156587280000e+13
506,500,-1.140955200000e+13
506,502,6.519744000000e+12
506,506,2.281910400000e+13
506,508,-1.629936000000e+12
506,512,-1.140955200000e+13
506,514,-4.889808000000e+12
507,501,-1.055725650000e+05
507,507,2.111451300000e+05
507,513,-1.055725650000e+05
508,500,-4.889808000000e+12
508,502,2.716560000000e+12
508,506,-1.629936000000e+12
508,508,5.976432000000e+12
508,512,6.519744000000e+12
508,514,2.716560000000e+12
509,499,3.156587280000e+13
509,503,1.753659600000e+13
509,505,1.052195760000e+13
509,509,3.858051120000e+13
509,511,-4.208783040000e+13
509,515,1.753659600000e+13
510,504,-1.375500000000e+10
510,510,2.751000000000e+10
510,516,-1.375500000000e+10
511,505,-7.365370320000e+13
511,509,-4.208783040000e+13
511,511,1.473074064000e+14
511,515,1.052195760000e+13
511,517,-7.365370320000e+13
511,521,3.156587280000e+13
512,506,-1.140955200000e+13
512,508,6.519744000000e+12
512,512,2.281910400000e+13
512,514,-1.629936000000e+12
512,518,-1.140955200000e+13
512,520,-4.889808000000e+12
513,507,-1.055725650000e+05
513,513,2.111451300000e+05
513,519,-1.055725650000e+05
514,506,-4.889808000000e+12
514,508,2.716560000000e+12
514,512,-1.629936000000e+12
514,514,5.976432000000e+12
514,518,6.519744000000e+12
514,520,2.716560000000e+12
515,505,3.156587280000e+13
515,509,1.753659600000e+13
515,511,1.052195760000e+13
515,515,3.858051120000e+13
515,517,-4.208783040000e+13
515,521,1.753659600000e+13
516,510,-1.375500000000e+10
516,516,2.751000000000e+10
516,522,-1.375500000000e+10
517,511,-7.365370320000e+13
517,515,-4.208783040000e+13
517,517,1.473074064000e+14
517,521,1.052195760000e+13
517,523,-7.365370320000e+13
517,527,3.156587280000e+13
518,512,-1.140955200000e+13
518,514,6.519744000000e+12
518,518,2.281910400000e+13
518,520,-1.629936000000e+12
518,524,-1.140955200000e+13
518,526,-4.889808000000e+12
519,513,-1.055725650000e+05
519,519,2.111451300000e+05
519,525,-1.055725650000e+05
520,512,-4.889808000000e+12
520,514,2.716560000000e+12
520,518,-1.629936000000e+12
520,520,5.976432000000e+12
520,524,6.519744000000e+12
520,526,2.716560000000e+12
521,511,3.156587280000e+13
521,515,1.753659600000e+13
521,517,1.052195760000e+13
521,521,3.858051120000e+13
521,523,-4.208783040000e+13
521,527,1.753659600000e+13
522,516,-1.375500000000e+10
522,522,2.751000000000e+10
522,528,-1.375500000000e+10
523,517,-7.365370320000e+13
523,521,-4.208783040000e+13
523,523,1.473074064000e+14
523,527,1.052195760000e+13
523,529,-7.365370320000e+13
523,533,3.156587280000e+13
524,518,-1.140955200000e+13
524,520,6.519744000000e+12
524,524,2.281910400000e+13
524,526,-1.629936000000e+12
524,530,-1.140955200000e+13
524,532,-4.889808000000e+12
525,519,-1.055725650000e+05
525,525,2.111451300000e+05
525,531,-1.055725650000e+05
526,518,-4.889808000000e+12
526,520,2.716560000000e+12
526,524,-1.629936000000e+12
526,526,5.976432000000e+12
526,530,6.519744000000e+12
526,532,2.716560000000e+12
527,517,3.156587280000e+13
527,521,1.753659600000e+13
527,523,1.052195760000e+13
527,527,3.858051120000e+13
527,529,-4.208783040000e+13
527,533,1.753659600000e+13
528,522,-1.375500000000e+10
528,528,2.751000000000e+10
528,534,-1.375500000000e+10
529,523,-7.365370320000e+13
529,527,-4.208783040000e+13
529,529,1.473074064000e+14
529,533,1.052195760000e+13
529,535,-7.365370320000e+13
529,539,3.156587280000e+13
530,524,-1.140955200000e+13
530,526,6.519744000000e+12
530,530,2.281910400000e+13
530,532,-1.629936000000e+12
530,536,-1.140955200000e+13
530,538,-4.889808000000e+12
531,525,-1.055725650000e+05
531,531,2.111451300000e+05
531,537,-1.055725650000e+05
532,524,-4.889808000000e+12
532,526,2.716560000000e+12
532,530,-1.629936000000e+12
532,532,5.976432000000e+12
532,536,6.519744000000e+12
532,538,2.716560000000e+12
533,523,3.156587280000e+13
533,527,1.753659600000e+13
533,529,1.052195760000e+13
533,533,3.858051120000e+13
533,535,-4.208783040000e+13
533,539,1.753659600000e+13
534,528,-1.375500000000e+10
534,534,2.751000000000e+10
534,540,-1.375500000000e+10
535,529,-7.365370320000e+13
535,533,-4.208783040000e+13
535,535,1.473074064000e+14
535,539,1.052195760000e+13
535,541,-7.365370320000e+13
535,545,3.156587280000e+13
536,530,-1.140955200000e+13
536,532,6.519744000000e+12
536,536,2.281910400000e+13
536,538,-1.629936000000e+12
536,542,-1.140955200000e+13
536,544,-4.889808000000e+12
537,531,-1.055725650000e+05
537,537,2.111451300000e+05
537,543,-1.055725650000e+05
538,530,-4.889808000000e+12
538,532,2.716560000000e+12
538,536,-1.629936000000e+12
538,538,5.976432000000e+12
538,542,6.519744000000e+12
538,544,2.716560000000e+12
539,529,3.156587280000e+13
539,533,1.753659600000e+13
539,535,1.052195760000e+13
539,539,3.858051120000e+13
539,541,-4.208783040000e+13
539,545,1.753659600000e+13
540,534,-1.375500000000e+10
540,540,2.751000000000e+10
540,546,-1.375500000000e+10
541,535,-7.365370320000e+13
541,539,-4.208783040000e+13
541,541,1.473074064000e+14
541,545,1.052195760000e+13
541,547,-7.365370320000e+13
541,551,3.156587280000e+13
542,536,-1.140955200000e+13
542,538,6.519744000000e+12
542,542,2.281910400000e+13
542,544,-1.629936000000e+12
542,548,-1.140955200000e+13
542,550,-4.889808000000e+12
543,537,-1.055725650000e+05
543,543,2.111451300000e+05
543,549,-1.055725650000e+05
544,536,-4.889808000000e+12
544,538,2.716560000000e+12
544,542,-1.629936000000e+12
544,544,5.976432000000e+12
544,548,6.519744000000e+12
544,550,2.716560000000e+12
545,535,3.156587280000e+13
545,539,1.753659600000e+13
545,541,1.052195760000e+13
545,545,3.858051120000e+13
545,547,-4.208783040000e+13
545,551,1.753659600000e+13
546,540,-1.375500000000e+10
546,546,2.751000000000e+10
546,552,-1.375500000000e+10
547,541,-7.365370320000e+13
547,545,-4.208783040000e+13
547,547,1.473074064000e+14
547,551,1.052195760000e+13
547,553,-7.365370320000e+13
547,557,3.156587280000e+13
548,542,-1.140955200000e+13
548,544,6.519744000000e+12
548,548,2.281910400000e+13
548,550,-1.629936000000e+12
548,554,-1.140955200000e+13
548,556,-4.889808000000e+12
549,543,-1.055725650000e+05
549,549,2.111451300000e+05
549,555,-1.055725650000e+05
550,542,-4.889808000000e+12
550,544,2.716560000000e+12
550,548,-1.629936000000e+12
550,550,5.976432000000e+12
550,554,6.519744000000e+12
550,556,2.716560000000e+12
551,541,3.156587280000e+13
551,545,1.753659600000e+13
551,547,1.052195760000e+13
551,551,3.858051120000e+13
551,553,-4.208783040000e+13
551,557,1.753659600000e+13
552,546,-1.375500000000e+10
552,552,2.751000000000e+10
552,558,-1.375500000000e+10
553,547,-7.365370320000e+13
553,551,-4.208783040000e+13
553,553,1.473074064000e+14
553,557,1.052195760000e+13
553,559,-7.365370320000e+13
553,563,3.156587280000e+13
554,548,-1.140955200000e+13
554,550,6.519744000000e+12
554,554,2.281910400000e+13
554,556,-1.629936000000e+12
554,560,-1.140955200000e+13
554,562,-4.889808000000e+12
555,549,-1.055725650000e+05
555,555,2.111451300000e+05
555,561,-1.055725650000e+05
556,548,-4.889808000000e+12
556,550,2.716560000000e+12
556,554,-1.629936000000e+12
556,556,5.976432000000e+12
556,560,6.519744000000e+12
556,562,2.716560000000e+12
557,547,3.156587280000e+13
557,551,1.753659600000e+13
557,553,1.052195760000e+13
557,557,3.858051120000e+13
557,559,-4.208783040000e+13
557,563,1.753659600000e+13
558,552,-1.375500000000e+10
558,558,2.751000000000e+10
558,564,-1.375500000000e+10
559,553,-7.365370320000e+13
559,557,-4.208783040000e+13
559,559,1.473074064000e+14
559,563,1.052195760000e+13
559,565,-7.365370320000e+13
559,569,3.156587280000e+13
560,554,-1.140955200000e+13
560,556,6.519744000000e+12
560,560,2.281910400000e+13
560,562,-1.629936000000e+12
560,566,-1.140955200000e+13
560,568,-4.889808000000e+12
561,555,-1.055725650000e+05
561,561,2.111451300000e+05
561,567,-1.055725650000e+05
562,554,-4.889808000000e+12
562,556,2.716560000000e+12
562,560,-1.629936000000e+12
562,562,5.976432000000e+12
562,566,6.519744000000e+12
562,568,2.716560000000e+12
563,553,3.156587280000e+13
563,557,1.753659600000e+13
563,559,1.052195760000e+13
563,563,3.858051120000e+13
563,565,-4.208783040000e+13
563,569,1.753659600000e+13
564,558,-1.375500000000e+10
564,564,2.751000000000e+10
564,570,-1.375500000000e+10
565,559,-7.365370320000e+13
565,563,-4.208783040000e+13
565,565,1.473074064000e+14
565,569,1.052195760000e+13
565,571,-7.365370320000e+13
565,575,3.156587280000e+13
566,560,-1.140955200000e+13
566,562,6.519744000000e+12
566,566,2.281910400000e+13
566,568,-1.629936000000e+12
566,572,-1.140955200000e+13
566,574,-4.889808000000e+12
567,561,-1.055725650000e+05
567,567,2.111451300000e+05
567,573,-1.055725650000e+05
568,560,-4.889808000000e+12
568,562,2.716560000000e+12
568,566,-1.629936000000e+12
568,568,5.976432000000e+12
568,572,6.519744000000e+12
568,574,2.716560000000e+12
569,559,3.156587280000e+13
569,563,1.753659600000e+13
569,565,1.052195760000e+13
569,569,3.858051120000e+13
569,571,-4.208783040000e+13
569,575,1.753659600000e+13
570,564,-1.375500000000e+10
570,570,2.751000000000e+10
570,576,-1.375500000000e+10
571,565,-7.365370320000e+13
571,569,-4.208783040000e+13
571,571,1.473074064000e+14
571,575,1.052195760000e+13
571,577,-7.365370320000e+13
571,581,3.156587280000e+13
572,566,-1.140955200000e+13
572,568,6.519744000000e+12
572,572,2.281910400000e+13
572,574,-1.629936000000e+12
572,578,-1.140955200000e+13
572,580,-4.889808000000e+12
573,567,-1.055725650000e+05
573,573,2.111451300000e+05
573,579,-1.055725650000e+05
574,566,-4.889808000000e+12
574,568,2.716560000000e+12
574,572,-1.629936000000e+12
574,574,5.976432000000e+12
574,578,6.519744000000e+12
574,580,2.716560000000e+12
575,565,3.156587280000e+13
575,569,1.753659600000e+13
575,571,1.052195760000e+13
575,575,3.858051120000e+13
575,577,-4.208783040000e+13
575,581,1.753659600000e+13
576,570,-1.375500000000e+10
576,576,2.751000000000e+10
576,582,-1.375500000000e+10
577,571,-7.365370320000e+13
577,575,-4.208783040000e+13
577,577,1.473074064000e+14
577,581,1.052195760000e+13
577,583,-7.365370320000e+13
577,587,3.156587280000e+13
578,572,-1.140955200000e+13
578,574,6.519744000000e+12
578,578,2.281910400000e+13
578,580,-1.629936000000e+12
578,584,-1.140955200000e+13
578,586,-4.889808000000e+12
579,573,-1.055725650000e+05
579,579,2.111451300000e+05
579,585,-1.055725650000e+05
580,572,-4.889808000000e+12
580,574,2.716560000000e+12
580,578,-1.629936000000e+12
580,580,5.976432000000e+12
580,584,6.519744000000e+12
580,586,2.716560000000e+12
581,571,3.156587280000e+13
581,575,1.753659600000e+13
581,577,1.052195760000e+13
581,581,3.858051120000e+13
581,583,-4.208783040000e+13
581,587,1.753659600000e+13
582,576,-1.375500000000e+10
582,582,2.751000000000e+10
582,588,-1.375500000000e+10
583,577,-7.365370320000e+13
583,581,-4.208783040000e+13
583,583,1.473074064000e+14
583,587,1.052195760000e+13
583,589,-7.365370320000e+13
583,593,3.156587280000e+13
584,578,-1.140955200000e+13
584,580,6.519744000000e+12
584,584,2.281910400000e+13
584,586,-1.629936000000e+12
584,590,-1.140955200000e+13
584,592,-4.889808000000e+12
585,579,-1.055725650000e+05
585,585,2.111451300000e+05
585,591,-1.055725650000e+05
586,578,-4.889808000000e+12
586,580,2.716560000000e+12
586,584,-1.629936000000e+12
586,586,5.976432000000e+12
586,590,6.519744000000e+12
586,592,2.716560000000e+12
587,577,3.156587280000e+13
587,581,1.753659600000e+13
587,583,1.052195760000e+13
587,587,3.858051120000e+13
587,589,-4.208783040000e+13
587,593,1.753659600000e+13
588,582,-1.375500000000e+10
588,588,2.751000000000e+10
588,594,-1.375500000000e+10
589,583,-7.365370320000e+13
589,587,-4.208783040000e+13
589,589,1.473074064000e+14
589,593,1.052195760000e+13
589,595,-7.365370320000e+13
589,599,3.156587280000e+13
590,584,-1.140955200000e+13
590,586,6.519744000000e+12
590,590,2.281910400000e+13
590,592,-1.629936000000e+12
590,596,-1.140955200000e+13
590,598,-4.889808000000e+12
591,585,-1.055725650000e+05
591,591,2.111451300000e+05
591,597,-1.055725650000e+05
592,584,-4.889808000000e+12
592,586,2.716560000000e+12
592,590,-1.629936000000e+12
592,592,5.976432000000e+12
592,596,6.519744000000e+12
592,598,2.716560000000e+12
593,583,3.156587280000e+13
593,587,1.753659600000e+13
593,589,1.052195760000e+13
593,593,3.858051120000e+13
593,595,-4.208783040000e+13
593,599,1.753659600000e+13
594,588,-1.375500000000e+10
594,594,1.375500000000e+10
595,589,-7.365370320000e+13
595,593,-4.208783040000e+13
595,595,7.365370320000e+13
595,599,-3.156587280000e+13
596,590,-1.140955200000e+13
596,592,6.519744000000e+12
596,596,1.140955200000e+13
596,598,4.889808000000e+12
597,591,-1.055725650000e+05
597,597,1.055725650000e+05
598,590,-4.889808000000e+12
598,592,2.716560000000e+12
598,596,4.889808000000e+12
598,598,2.173248000000e+12
599,589,3.156587280000e+13
599,593,1.753659600000e+13
599,595,-3.156587280000e+13
599,599,1.402927680000e+13
