job_id,x,uy_fem_mm,uy_roark_mm,error_uy_mm,theta_z_fem_deg,theta_z_roark_deg,error_theta_z_deg
0.000000000000000000e+00,0.000000000000000000e+00,0.000000000000000000e+00,-0.000000000000000000e+00,0.000000000000000000e+00,0.000000000000000000e+00,-0.000000000000000000e+00,0.000000000000000000e+00
0.000000000000000000e+00,1.562500000000000000e-02,-2.777104999983999651e-04,-2.777104999424014108e-04,-5.599855431789868554e-14,-2.034031001725016344e-03,-2.034031001311462604e-03,-4.135537398641808693e-13
0.000000000000000000e+00,3.125000000000000000e-02,-1.107941629240000040e-03,-1.107941629013027085e-03,-2.269729543202814170e-13,-4.052108819141580533e-03,-4.052108818298913451e-03,-8.426670819461357098e-13
0.000000000000000000e+00,4.687500000000000000e-02,-2.486342831593999717e-03,-2.486342831077009187e-03,-5.169905302471189401e-13,-6.054233452247399262e-03,-6.054233450962353408e-03,-1.285045854448885194e-12
0.000000000000000000e+00,6.250000000000000000e-02,-4.408563550930000297e-03,-4.408563549999479879e-03,-9.305204176635051283e-13,-8.040404901049348976e-03,-8.040404899301781608e-03,-1.747567368592939374e-12
0.000000000000000000e+00,7.812500000000000000e-02,-6.870253231117999515e-03,-6.870253229645570565e-03,-1.472428949600423920e-12,-1.001062316554055323e-02,-1.001062316331719805e-02,-2.223355180519526186e-12
0.000000000000000000e+00,9.375000000000000000e-02,-9.867061316025998660e-03,-9.867061313880414603e-03,-2.145584057644533971e-12,-1.196488824572674269e-02,-1.196488824300860274e-02,-2.718139949231535013e-12
0.000000000000000000e+00,1.093750000000000000e-01,-1.339463724952000105e-02,-1.339463724656914101e-02,-2.950860042427727592e-12,-1.390320014160218581e-02,-1.390320013837599566e-02,-3.226190148364338484e-12
0.000000000000000000e+00,1.250000000000000000e-01,-1.744863047547999882e-02,-1.744863047157688488e-02,-3.903113943160008148e-12,-1.582555885316688435e-02,-1.582555884941938204e-02,-3.747502308470984644e-12
0.000000000000000000e+00,1.406250000000000000e-01,-2.202469043777000035e-02,-2.202469043276877869e-02,-5.001221659028942668e-12,-1.773196438042656808e-02,-1.773196437613874799e-02,-4.287820098980432704e-12
0.000000000000000000e+00,1.562500000000000000e-01,-2.711846658024999815e-02,-2.711846657400995494e-02,-6.240043204375211872e-12,-1.962241672337550896e-02,-1.962241671853411085e-02,-4.841398115740247476e-12
0.000000000000000000e+00,1.718750000000000000e-01,-3.272560834681000064e-02,-3.272560833916554612e-02,-7.644454513844323174e-12,-2.149691588201943157e-02,-2.149691587660545675e-02,-5.413974824008960240e-12
0.000000000000000000e+00,1.875000000000000000e-01,-3.884176518129999617e-02,-3.884176517210068125e-02,-9.199314920937951001e-12,-2.335546185635261132e-02,-2.335546185035279262e-02,-5.999818697421943625e-12
0.000000000000000000e+00,2.031250000000000000e-01,-4.546258652759999769e-02,-4.546258651668048240e-02,-1.091951529197388027e-11,-2.519805464638077627e-02,-2.519805463977611848e-02,-6.604657792896873048e-12
0.000000000000000000e+00,2.187500000000000000e-01,-5.258372182957000290e-02,-5.258372181677010981e-02,-1.279989308988760399e-11,-2.702469425209819490e-02,-2.702469424487543084e-02,-7.222764053516073091e-12
0.000000000000000000e+00,2.343750000000000000e-01,-6.020082053109000048e-02,-6.020082051623466823e-02,-1.485533224210300318e-11,-2.883538067350486719e-02,-2.883538066565073665e-02,-7.854130540385639847e-12
0.000000000000000000e+00,2.500000000000000000e-01,-6.830953207603000787e-02,-6.830953205893930402e-02,-1.709070385214062071e-11,-3.063011391060653163e-02,-3.063011390210202550e-02,-8.504506127104960456e-12
0.000000000000000000e+00,2.656250000000000000e-01,-7.690550590824998811e-02,-7.690550588874914273e-02,-1.950084538293594960e-11,-3.240889396339744627e-02,-3.240889395422930780e-02,-9.168138470627695824e-12
0.000000000000000000e+00,2.812500000000000000e-01,-8.598439147162000029e-02,-8.598439144952932378e-02,-2.209067651026686008e-11,-3.417172083188334264e-02,-3.417172082203256966e-02,-9.850772975106281137e-12
0.000000000000000000e+00,2.968750000000000000e-01,-9.554183821002000532e-02,-9.554183818514495885e-02,-2.487504646708771361e-11,-3.591859451605849268e-02,-3.591859450551182498e-02,-1.054666770583523316e-11
0.000000000000000000e+00,3.125000000000000000e-01,-1.055734955673000020e-01,-1.055734955394612151e-01,-2.783878683132456899e-11,-3.764951501592863486e-02,-3.764951500466707374e-02,-1.126156112807308318e-11
0.000000000000000000e+00,3.281250000000000000e-01,-1.160750129874000003e-01,-1.160750129563431904e-01,-3.105680990156400867e-11,-3.936448233148803072e-02,-3.936448231949830900e-02,-1.198972171545520382e-11
0.000000000000000000e+00,3.437500000000000000e-01,-1.270420399140000101e-01,-1.270420398796560379e-01,-3.434397211066197997e-11,-4.106349646273667331e-02,-4.106349645000552384e-02,-1.273114946798159508e-11
0.000000000000000000e+00,3.593750000000000000e-01,-1.384702257911999967e-01,-1.384702257532648972e-01,-3.793509950611451131e-11,-4.274655740967457651e-02,-4.274655739618873213e-02,-1.348584438565225696e-11
0.000000000000000000e+00,3.750000000000000000e-01,-1.503552200627999991e-01,-1.503552200210348799e-01,-4.176511914089076072e-11,-4.441366517230746491e-02,-4.441366515804793386e-02,-1.425953105593791292e-11
0.000000000000000000e+00,3.906250000000000000e-01,-1.626926721726000002e-01,-1.626926721268311116e-01,-4.576888867902084712e-11,-4.606481975062388240e-02,-4.606481973558312210e-02,-1.504076030389711605e-11
0.000000000000000000e+00,4.062500000000000000e-01,-1.754782315645000146e-01,-1.754782315145187455e-01,-4.998126912347800044e-11,-4.770002114463528509e-02,-4.770002112879429684e-02,-1.584098824336521716e-11
0.000000000000000000e+00,4.218750000000000000e-01,-1.887075476822999975e-01,-1.887075476279629349e-01,-5.433706262714110835e-11,-4.931926935434166603e-02,-4.931926933768146504e-02,-1.666020099655440845e-11
0.000000000000000000e+00,4.375000000000000000e-01,-2.023762699700999979e-01,-2.023762699110287500e-01,-5.907124789317208524e-11,-5.092256437973157607e-02,-5.092256436224461280e-02,-1.748696326631105080e-11
0.000000000000000000e+00,4.531250000000000000e-01,-2.164800478714999921e-01,-2.164800478075813439e-01,-6.391864815213921247e-11,-5.250990622082219589e-02,-5.250990620248375401e-02,-1.833844187615341070e-11
0.000000000000000000e+00,4.687500000000000000e-01,-2.310145308304999978e-01,-2.310145307614858701e-01,-6.901412774595883093e-11,-5.408129487760208326e-02,-5.408129485839888867e-02,-1.920319459003394513e-11
0.000000000000000000e+00,4.843750000000000000e-01,-2.459753682910000294e-01,-2.459753682166074817e-01,-7.439254767760417053e-11,-5.563673035007694195e-02,-5.563673032999000290e-02,-2.008693905652947365e-11
0.000000000000000000e+00,5.000000000000000000e-01,-2.613582096968000146e-01,-2.613582096168112212e-01,-7.998879336668096585e-11,-5.717621263824106126e-02,-5.717621261725711751e-02,-2.098394374927536887e-11
0.000000000000000000e+00,5.156250000000000000e-01,-2.771587044918000231e-01,-2.771587044059623528e-01,-8.583767030501121553e-11,-5.869974174210016576e-02,-5.869974172020021169e-02,-2.189995407242406600e-11
0.000000000000000000e+00,5.312500000000000000e-01,-2.933725021199000138e-01,-2.933725020279258633e-01,-9.197415051787061202e-11,-6.020731766165425547e-02,-6.020731763881928544e-02,-2.283497002597556502e-11
0.000000000000000000e+00,5.468750000000000000e-01,-3.099952520249000254e-01,-3.099952519265669615e-01,-9.833306391371365862e-11,-6.169894039692051108e-02,-6.169894037311435958e-02,-2.380615149455422852e-11
0.000000000000000000e+00,5.625000000000000000e-01,-3.270226036507000167e-01,-3.270226035457508562e-01,-1.049491604732111227e-10,-6.317460994784165895e-02,-6.317460992308542023e-02,-2.475623872566501404e-11
0.000000000000000000e+00,5.781250000000000000e-01,-3.444502064412000020e-01,-3.444502063293425342e-01,-1.118574677327899280e-10,-6.463432631447496579e-02,-6.463432628873247432e-02,-2.574249147180296404e-11
0.000000000000000000e+00,5.937500000000000000e-01,-3.622737098402000200e-01,-3.622737097212072599e-01,-1.189927600897533466e-10,-6.607808949682045241e-02,-6.607808947005551492e-02,-2.676493748854369414e-11
0.000000000000000000e+00,6.093750000000000000e-01,-3.804887632916000295e-01,-3.804887631652100199e-01,-1.263900095693770709e-10,-6.750589949487811881e-02,-6.750589946705454203e-02,-2.782357677588720435e-11
0.000000000000000000e+00,6.250000000000000000e-01,-3.990910162393999649e-01,-3.990910161052160232e-01,-1.341839417356993636e-10,-6.891775630859064972e-02,-6.891775627972955565e-02,-2.886109407018722095e-11
0.000000000000000000e+00,6.406250000000000000e-01,-4.180761181273000004e-01,-4.180761179850904230e-01,-1.422095774472609264e-10,-7.031365993801536041e-02,-7.031365990808056965e-02,-2.993479075730220984e-11
0.000000000000000000e+00,6.562500000000000000e-01,-4.374397183992000393e-01,-4.374397182486983171e-01,-1.505017221958837581e-10,-7.169361038315223700e-02,-7.169361035210754240e-02,-3.104469459280778665e-11
0.000000000000000000e+00,6.718750000000000000e-01,-4.571774664989999848e-01,-4.571774663399049143e-01,-1.590950704510873948e-10,-7.305760764394400586e-02,-7.305760761181052942e-02,-3.213347643526986985e-11
0.000000000000000000e+00,6.875000000000000000e-01,-4.772850118706000178e-01,-4.772850117025752015e-01,-1.680248162827524538e-10,-7.440565172050524201e-02,-7.440565168718950295e-02,-3.331573905640539124e-11
0.000000000000000000e+00,7.031250000000000000e-01,-4.977580039577999549e-01,-4.977580037805744428e-01,-1.772255120435772824e-10,-7.573774261272134267e-02,-7.573774257824446299e-02,-3.447687968449741902e-11
0.000000000000000000e+00,7.187500000000000000e-01,-5.185920922046000081e-01,-5.185920920177676807e-01,-1.868323273868099932e-10,-7.705388032059232173e-02,-7.705388028497540953e-02,-3.561691219733376101e-11
0.000000000000000000e+00,7.343750000000000000e-01,-5.397829260547000185e-01,-5.397829258580201239e-01,-1.966798945929326692e-10,-7.835406484423278195e-02,-7.835406480738234258e-02,-3.685043936663134900e-11
0.000000000000000000e+00,7.500000000000000000e-01,-5.613261549521000315e-01,-5.613261547451967592e-01,-2.069032722928909607e-10,-7.963829618352812056e-02,-7.963829614546526214e-02,-3.806285842067325120e-11
0.000000000000000000e+00,7.656250000000000000e-01,-5.832174283405999748e-01,-5.832174281231630175e-01,-2.174369573282319834e-10,-8.090657433853562508e-02,-8.090657429922418209e-02,-3.931144298974231788e-11
0.000000000000000000e+00,7.812500000000000000e-01,-6.054523956641000293e-01,-6.054523954357837745e-01,-2.283162547911388174e-10,-8.215889930919800799e-02,-8.215889926865907467e-02,-4.053893332134350658e-11
0.000000000000000000e+00,7.968750000000000000e-01,-6.280267063664999316e-01,-6.280267061269241280e-01,-2.395758036399797675e-10,-8.339527109562985818e-02,-8.339527105376996763e-02,-4.185989055383032564e-11
0.000000000000000000e+00,8.125000000000000000e-01,-6.509360098915999426e-01,-6.509360096404493978e-01,-2.511505448055117995e-10,-8.461568969771660065e-02,-8.461568965455684710e-02,-4.315975354884926674e-11
0.000000000000000000e+00,8.281250000000000000e-01,-6.741759556833999412e-01,-6.741759554202246818e-01,-2.631752593629244075e-10,-8.582015511545820763e-02,-8.582015507101971308e-02,-4.443849455082471422e-11
0.000000000000000000e+00,8.437500000000000000e-01,-6.977421931856000459e-01,-6.977421929101149667e-01,-2.754850791930607556e-10,-8.700866734896928190e-02,-8.700866730315855169e-02,-4.581073020926140771e-11
0.000000000000000000e+00,8.593750000000000000e-01,-7.216303718420999935e-01,-7.216303715539854613e-01,-2.881145322319866864e-10,-8.818122639813523456e-02,-8.818122635097340456e-02,-4.716182999686679977e-11
0.000000000000000000e+00,8.750000000000000000e-01,-7.458361410969001071e-01,-7.458361407957013745e-01,-3.011987326217990812e-10,-8.933783226307066838e-02,-8.933783221446423006e-02,-4.860643831872124565e-11
0.000000000000000000e+00,8.906250000000000000e-01,-7.703551503937000611e-01,-7.703551500791276929e-01,-3.145723681541312544e-10,-9.047848494360367921e-02,-9.047848489363105595e-02,-4.997262326167373203e-11
0.000000000000000000e+00,9.062500000000000000e-01,-7.951830491765999875e-01,-7.951830488481297365e-01,-3.284702509986914265e-10,-9.160318443990614345e-02,-9.160318438847385447e-02,-5.143228898329965659e-11
0.000000000000000000e+00,9.218750000000000000e-01,-8.203154868891999740e-01,-8.203154865465724921e-01,-3.426274819418040352e-10,-9.271193075186349997e-02,-9.271193069899266725e-02,-5.287083271188208755e-11
0.000000000000000000e+00,9.375000000000000000e-01,-8.457481129756000415e-01,-8.457481126183211684e-01,-3.572788731531773010e-10,-9.380472387953303626e-02,-9.380472382518745267e-02,-5.434558358885510643e-11
0.000000000000000000e+00,9.531250000000000000e-01,-8.714765768795000866e-01,-8.714765765072408632e-01,-3.722592234467470007e-10,-9.488156382291472457e-02,-9.488156376705822459e-02,-5.585649998085528978e-11
0.000000000000000000e+00,9.687500000000000000e-01,-8.974965280448999883e-01,-8.974965276571965633e-01,-3.877034249200050908e-10,-9.594245058195131903e-02,-9.594245052460498302e-02,-5.734633601317540297e-11
0.000000000000000000e+00,9.843750000000000000e-01,-9.238036159157000382e-01,-9.238036155120536996e-01,-4.036463385759248013e-10,-9.698738415675735303e-02,-9.698738409782774184e-02,-5.892961119080553090e-11
0.000000000000000000e+00,1.000000000000000000e+00,-9.503934899356000221e-01,-9.503934895156772589e-01,-4.199227632284419087e-10,-9.801636454721827929e-02,-9.801636448672647328e-02,-6.049180600875558866e-11
0.000000000000000000e+00,1.015625000000000000e+00,-9.772617995485000097e-01,-9.772617991119323388e-01,-4.365676709028321056e-10,-9.902939175339137146e-02,-9.902939169130120511e-02,-6.209016634173281091e-11
0.000000000000000000e+00,1.031250000000000000e+00,-1.004404194198000200e+00,-1.004404193744684148e+00,-4.533160513631173671e-10,-1.000264657752766573e-01,-1.000264657115519235e-01,-6.372473382310062107e-11
0.000000000000000000e+00,1.046875000000000000e+00,-1.031816323328999863e+00,-1.031816322857797674e+00,-4.712021883790384891e-10,-1.010075866128167937e-01,-1.010075865474786283e-01,-6.533816543363712981e-11
0.000000000000000000e+00,1.062500000000000000e+00,-1.059493836384999943e+00,-1.059493835895138014e+00,-4.898619287985184201e-10,-1.019727542661264252e-01,-1.019727541990813335e-01,-6.704509170063488455e-11
0.000000000000000000e+00,1.078125000000000000e+00,-1.087432382808000142e+00,-1.087432382300570488e+00,-5.074296538509770471e-10,-1.029219687350909213e-01,-1.029219686663599975e-01,-6.873092373016476131e-11
0.000000000000000000e+00,1.093750000000000000e+00,-1.115627612045000161e+00,-1.115627611517960194e+00,-5.270399672241410371e-10,-1.038552300197675832e-01,-1.038552299493146758e-01,-7.045290739693399473e-11
0.000000000000000000e+00,1.109375000000000000e+00,-1.144075173537999923e+00,-1.144075172991172451e+00,-5.468274721920352022e-10,-1.047725381201564387e-01,-1.047725380479453405e-01,-7.221109821209381607e-11
0.000000000000000000e+00,1.125000000000000000e+00,-1.172770716730000107e+00,-1.172770716164072136e+00,-5.659279711522913203e-10,-1.056738930362001588e-01,-1.056738929622519918e-01,-7.394816703421014381e-11
0.000000000000000000e+00,1.140625000000000000e+00,-1.201709891066999880e+00,-1.201709890480524123e+00,-5.864757568474487925e-10,-1.065592947679560448e-01,-1.065592946922346157e-01,-7.572142912692925165e-11
0.000000000000000000e+00,1.156250000000000000e+00,-1.230888345992000144e+00,-1.230888345384394178e+00,-6.076059655413246219e-10,-1.074287433154241106e-01,-1.074287432378932539e-01,-7.753085673467552397e-11
0.000000000000000000e+00,1.171875000000000000e+00,-1.260301730948000021e+00,-1.260301730319546953e+00,-6.284530673639210363e-10,-1.082822386785470686e-01,-1.082822385992278647e-01,-7.931920398274172612e-11
0.000000000000000000e+00,1.187500000000000000e+00,-1.289945695381000013e+00,-1.289945694729847769e+00,-6.511522432361971369e-10,-1.091197808573248912e-01,-1.091197807762384620e-01,-8.108642923776443467e-11
0.000000000000000000e+00,1.203125000000000000e+00,-1.319815888731999953e+00,-1.319815888059161502e+00,-6.728384516208052446e-10,-1.099413698518148796e-01,-1.099413697689250458e-01,-8.288983388560211552e-11
0.000000000000000000e+00,1.218750000000000000e+00,-1.349907960446999899e+00,-1.349907959751353692e+00,-6.956462073048896855e-10,-1.107470056620170479e-01,-1.107470055772876300e-01,-8.472941792625476864e-11
0.000000000000000000e+00,1.234375000000000000e+00,-1.380217559969999952e+00,-1.380217559250289217e+00,-7.197107354528498036e-10,-1.115366882878168070e-01,-1.115366882013262007e-01,-8.649060634358107791e-11
0.000000000000000000e+00,1.250000000000000000e+00,-1.410740336743000034e+00,-1.410740335999833395e+00,-7.431666393387104108e-10,-1.123104177293287181e-01,-1.123104176410407440e-01,-8.828797415372235946e-11
0.000000000000000000e+00,1.265625000000000000e+00,-1.441471940210999891e+00,-1.441471939443851102e+00,-7.671487889382433423e-10,-1.130681939864955354e-01,-1.130681938964313016e-01,-9.006423384860795522e-11
0.000000000000000000e+00,1.281250000000000000e+00,-1.472408019819000158e+00,-1.472408019026207660e+00,-7.927924983164302830e-10,-1.138100170592599159e-01,-1.138100169674978318e-01,-9.176208404237939931e-11
0.000000000000000000e+00,1.296875000000000000e+00,-1.503544225008000002e+00,-1.503544224190767942e+00,-8.172320598021087790e-10,-1.145358869476791747e-01,-1.145358868542403624e-01,-9.343881224310734979e-11
0.000000000000000000e+00,1.312500000000000000e+00,-1.534876205225000012e+00,-1.534876204381397713e+00,-8.436022991276104221e-10,-1.152458036517533257e-01,-1.152458035566588657e-01,-9.509446008415523011e-11
0.000000000000000000e+00,1.328125000000000000e+00,-1.566399609911000024e+00,-1.566399609041961405e+00,-8.690386188447973836e-10,-1.159397671715396289e-01,-1.159397670747533554e-01,-9.678627344023027490e-11
0.000000000000000000e+00,1.343750000000000000e+00,-1.598110088512000093e+00,-1.598110087616324337e+00,-8.956757557854189145e-10,-1.166177775069235506e-01,-1.166177774085238456e-01,-9.839970505076678364e-11
0.000000000000000000e+00,1.359375000000000000e+00,-1.630003290471000010e+00,-1.630003289548352052e+00,-9.226479580348723175e-10,-1.172798346579622952e-01,-1.172798345579703361e-01,-9.999195915710856752e-11
0.000000000000000000e+00,1.375000000000000000e+00,-1.662074865232999965e+00,-1.662074864281908981e+00,-9.510909837473491280e-10,-1.179259386246559599e-01,-1.179259385230927992e-01,-1.015631606593458969e-10
0.000000000000000000e+00,1.390625000000000000e+00,-1.694320462239000014e+00,-1.694320461260860666e+00,-9.781393472962918167e-10,-1.185560894070044891e-01,-1.185560893038912489e-01,-1.031132401685397326e-10
0.000000000000000000e+00,1.406250000000000000e+00,-1.726735730935999857e+00,-1.726735729929072427e+00,-1.006927430324822126e-09,-1.191702870050078966e-01,-1.191702869003656851e-01,-1.046422115624778826e-10
0.000000000000000000e+00,1.421875000000000000e+00,-1.759316320766000086e+00,-1.759316319730408917e+00,-1.035591168374594417e-09,-1.197685314186661687e-01,-1.197685313125161355e-01,-1.061500332077969233e-10
0.000000000000000000e+00,1.437500000000000000e+00,-1.792057881172999911e+00,-1.792057880108735679e+00,-1.064264232297773560e-09,-1.203508226479220594e-01,-1.203508225403425308e-01,-1.075795286187286592e-10
0.000000000000000000e+00,1.453125000000000000e+00,-1.824956061601999968e+00,-1.824956060507917588e+00,-1.094082380248551090e-09,-1.209171606928328008e-01,-1.209171605838449542e-01,-1.089878465254656703e-10
0.000000000000000000e+00,1.468750000000000000e+00,-1.858006511496000046e+00,-1.858006510371819964e+00,-1.124180082356929233e-09,-1.214675455533984066e-01,-1.214675454430233364e-01,-1.103750701947348034e-10
0.000000000000000000e+00,1.484375000000000000e+00,-1.891204880299000024e+00,-1.891204879144307904e+00,-1.154692119698097486e-09,-1.220019772296189187e-01,-1.220019771178777329e-01,-1.117411857487482507e-10
0.000000000000000000e+00,1.500000000000000000e+00,-1.924546817453999914e+00,-1.924546816269246508e+00,-1.184753406491267924e-09,-1.225204557214369938e-01,-1.225204556084081020e-01,-1.130288918016475463e-10
0.000000000000000000e+00,1.515625000000000000e+00,-1.958027972407000217e+00,-1.958027971190500649e+00,-1.216499567746609500e-09,-1.230229810289099474e-01,-1.230229809146144576e-01,-1.142954897392911562e-10
0.000000000000000000e+00,1.531250000000000000e+00,-1.991643994598999878e+00,-1.991643993351935871e+00,-1.247064007614540060e-09,-1.235095531519805057e-01,-1.235095530364967997e-01,-1.154837059313962300e-10
0.000000000000000000e+00,1.546875000000000000e+00,-2.025390533477000155e+00,-2.025390532197417048e+00,-1.279583106139625670e-09,-1.239801720907059146e-01,-1.239801719740551422e-01,-1.166507723748821945e-10
0.000000000000000000e+00,1.562500000000000000e+00,-2.059263238481999991e+00,-2.059263237170809280e+00,-1.311190711561494027e-09,-1.244348378450289005e-01,-1.244348377272894712e-01,-1.177394293172540074e-10
0.000000000000000000e+00,1.578125000000000000e+00,-2.093257759059000023e+00,-2.093257757715977885e+00,-1.343022137945126815e-09,-1.248735504149495051e-01,-1.248735502961998006e-01,-1.187497045140872842e-10
0.000000000000000000e+00,1.593750000000000000e+00,-2.127369744652999994e+00,-2.127369743276788405e+00,-1.376211589132481095e-09,-1.252963098005249465e-01,-1.252963096807860888e-01,-1.197388577178770674e-10
0.000000000000000000e+00,1.609375000000000000e+00,-2.161594844706000274e+00,-2.161594843297105051e+00,-1.408895222709816153e-09,-1.257031160016980065e-01,-1.257031158810483773e-01,-1.206496291761283146e-10
0.000000000000000000e+00,1.625000000000000000e+00,-2.195928708662000073e+00,-2.195928707220793363e+00,-1.441206709529296859e-09,-1.260939690184686157e-01,-1.260939688969866523e-01,-1.214819633776897945e-10
0.000000000000000000e+00,1.640625000000000000e+00,-2.230366985967000115e+00,-2.230366984491718441e+00,-1.475281674601092163e-09,-1.264688688508941450e-01,-1.264688687286009416e-01,-1.222932033417833964e-10
0.000000000000000000e+00,1.656250000000000000e+00,-2.264905326062000235e+00,-2.264905324553745825e+00,-1.508254410254039612e-09,-1.268278154989172235e-01,-1.268278153758911897e-01,-1.230260338047628466e-10
0.000000000000000000e+00,1.671875000000000000e+00,-2.299539378392999822e+00,-2.299539376850740169e+00,-1.542259653319888457e-09,-1.271708089625378513e-01,-1.271708088388574520e-01,-1.236803992554769138e-10
0.000000000000000000e+00,1.687500000000000000e+00,-2.334264792401999689e+00,-2.334264790826566571e+00,-1.575433117295688135e-09,-1.274978492417561116e-01,-1.274978491174996731e-01,-1.242564384718036763e-10
0.000000000000000000e+00,1.703125000000000000e+00,-2.369077217534999669e+00,-2.369077215925090130e+00,-1.609909539013187896e-09,-1.278089363366292364e-01,-1.278089362118179084e-01,-1.248113279395113295e-10
0.000000000000000000e+00,1.718750000000000000e+00,-2.403972303233999686e+00,-2.403972301590176830e+00,-1.643822855612597778e-09,-1.281040702471572257e-01,-1.281040701218121025e-01,-1.253451231697511048e-10
0.000000000000000000e+00,1.734375000000000000e+00,-2.438945698943999929e+00,-2.438945697265690438e+00,-1.678309491381924090e-09,-1.283832509733401350e-01,-1.283832508474823109e-01,-1.258578241625230021e-10
0.000000000000000000e+00,1.750000000000000000e+00,-2.473993054107999967e+00,-2.473993052395496939e+00,-1.712503028272749361e-09,-1.286464785151205936e-01,-1.286464783888285057e-01,-1.262920878986051321e-10
0.000000000000000000e+00,1.765625000000000000e+00,-2.509110018169999901e+00,-2.509110016423461875e+00,-1.746538025315658160e-09,-1.288937528725559445e-01,-1.288937527458506871e-01,-1.267052573972193841e-10
0.000000000000000000e+00,1.781250000000000000e+00,-2.544292240574999919e+00,-2.544292238793449457e+00,-1.781550462709446947e-09,-1.291250740456461599e-01,-1.291250739185488550e-01,-1.270973049027901425e-10
0.000000000000000000e+00,1.796875000000000000e+00,-2.579535370766000035e+00,-2.579535368949325225e+00,-1.816674810584117949e-09,-1.293404420343339245e-01,-1.293404419069230094e-01,-1.274109151516711336e-10
0.000000000000000000e+00,1.812500000000000000e+00,-2.614835058186000261e+00,-2.614835056334954277e+00,-1.851045983158883246e-09,-1.295398568386766369e-01,-1.295398567109731225e-01,-1.277035144298110936e-10
0.000000000000000000e+00,1.828125000000000000e+00,-2.650186952280000341e+00,-2.650186950394201713e+00,-1.885798628364909746e-09,-1.297233184586741861e-01,-1.297233183306992776e-01,-1.279749084481807131e-10
0.000000000000000000e+00,1.843750000000000000e+00,-2.685586702491999933e+00,-2.685586700570932628e+00,-1.921067305232782019e-09,-1.298908268943266275e-01,-1.298908267661013916e-01,-1.282252359846580703e-10
0.000000000000000000e+00,1.859375000000000000e+00,-2.721029958264999937e+00,-2.721029956309012565e+00,-1.955987372070921992e-09,-1.300423821455766182e-01,-1.300423820171795197e-01,-1.283970985088700445e-10
0.000000000000000000e+00,1.875000000000000000e+00,-2.756512369043000010e+00,-2.756512367052306178e+00,-1.990693831999124086e-09,-1.301779842124815290e-01,-1.301779840839336067e-01,-1.285479223067653720e-10
0.000000000000000000e+00,1.890625000000000000e+00,-2.792029584271000342e+00,-2.792029582244678565e+00,-2.026321777037765060e-09,-1.302976330949839889e-01,-1.302976329663636801e-01,-1.286203088479709322e-10
0.000000000000000000e+00,1.906250000000000000e+00,-2.827577253390999967e+00,-2.827577251329994823e+00,-2.061005144327054950e-09,-1.304013287931986287e-01,-1.304013286644697400e-01,-1.287288886597792725e-10
0.000000000000000000e+00,1.921875000000000000e+00,-2.863151025847999964e+00,-2.863151023752120938e+00,-2.095879025887370517e-09,-1.304890713070108732e-01,-1.304890711782518142e-01,-1.287590589704734612e-10
0.000000000000000000e+00,1.937500000000000000e+00,-2.898746551085999990e+00,-2.898746548954920677e+00,-2.131079313016925880e-09,-1.305608606365352697e-01,-1.305608605077098749e-01,-1.288253947961948143e-10
0.000000000000000000e+00,1.953125000000000000e+00,-2.934359478549000144e+00,-2.934359476382260468e+00,-2.166739676567885908e-09,-1.306166967817145586e-01,-1.306166966528439222e-01,-1.288706363844482894e-10
0.000000000000000000e+00,1.968750000000000000e+00,-2.969985457679999996e+00,-2.969985455478004521e+00,-2.201995474848672529e-09,-1.306565797425487119e-01,-1.306565796136539559e-01,-1.288947559796582709e-10
0.000000000000000000e+00,1.984375000000000000e+00,-3.005620137923000090e+00,-3.005620135686018379e+00,-2.236981710979080162e-09,-1.306805095190377297e-01,-1.306805093901399761e-01,-1.288977535818247588e-10
0.000000000000000000e+00,2.000000000000000000e+00,-3.041259168722000084e+00,-3.041259166450167140e+00,-2.271832943989693376e-09,-1.306884861111816676e-01,-1.306884859823019551e-01,-1.288797124576746000e-10
1.000000000000000000e+00,0.000000000000000000e+00,0.000000000000000000e+00,-0.000000000000000000e+00,0.000000000000000000e+00,0.000000000000000000e+00,-0.000000000000000000e+00,0.000000000000000000e+00
1.000000000000000000e+00,1.562500000000000000e-02,-1.384927036090999807e-04,-1.384927036266283857e-04,1.752840494279039874e-14,-1.013027204447922896e-03,-1.013027204574728363e-03,1.268054671682561363e-13
1.000000000000000000e+00,3.125000000000000000e-02,-5.510704436813000000e-04,-5.510704437499349849e-04,6.863498484832586399e-14,-2.010101224579371407e-03,-2.010101224825445402e-03,2.460739945142620400e-13
1.000000000000000000e+00,4.687500000000000000e-02,-1.233382664083999911e-03,-1.233382664235051825e-03,1.510519140324184661e-13,-2.991222060394345319e-03,-2.991222060752150684e-03,3.578053651975832139e-13
1.000000000000000000e+00,6.250000000000000000e-02,-2.181078808683999896e-03,-2.181078808947110610e-03,2.631107137718302624e-13,-3.956389711893417739e-03,-3.956389712354845510e-03,4.614277709924508031e-13
1.000000000000000000e+00,7.812500000000000000e-02,-3.389808321349000158e-03,-3.389808321751244368e-03,4.022442101625500754e-13,-4.905604179076588668e-03,-4.905604179633527712e-03,5.569390434945198365e-13
1.000000000000000000e+00,9.375000000000000000e-02,-4.855220645946999383e-03,-4.855220646512585156e-03,5.655857726605262314e-13,-5.838865461943858540e-03,-5.838865462588198156e-03,6.443396163846593083e-13
1.000000000000000000e+00,1.093750000000000000e-01,-6.572965226344000024e-03,-6.572965227096263727e-03,7.522637027190803849e-13,-6.756173560493508243e-03,-6.756173561218857711e-03,7.253494679893002228e-13
1.000000000000000000e+00,1.250000000000000000e-01,-8.538691506406998963e-03,-8.538691507367413003e-03,9.604140399632754566e-13,-7.657528474726682695e-03,-7.657528475525506376e-03,7.988236808142978873e-13
1.000000000000000000e+00,1.406250000000000000e-01,-1.074804893000000025e-02,-1.074804893119116547e-02,1.191165222014234359e-12,-8.542930204649112555e-03,-8.542930205508142416e-03,8.590298611332869427e-13
1.000000000000000000e+00,1.562500000000000000e-01,-1.319668694099999928e-02,-1.319668694243265189e-02,1.432652607658013721e-12,-9.412378750249337372e-03,-9.412378751166768434e-03,9.174310616755221304e-13
1.000000000000000000e+00,1.718750000000000000e-01,-1.588025498327000004e-02,-1.588025498495700474e-02,1.687004702599637085e-12,-1.026587411153881933e-02,-1.026587411250138096e-02,9.625616276265347437e-13
1.000000000000000000e+00,1.875000000000000000e-01,-1.879440250067000023e-02,-1.879440250262935999e-02,1.959359757774947752e-12,-1.110341628850609538e-02,-1.110341628951198346e-02,1.005888081162531478e-12
1.000000000000000000e+00,2.031250000000000000e-01,-2.193477893707999893e-02,-2.193477893931484318e-02,2.234844254100920580e-12,-1.192500528116263031e-02,-1.192500528219857421e-02,1.035943900107305637e-12
1.000000000000000000e+00,2.187500000000000000e-01,-2.529703373636000077e-02,-2.529703373887859374e-02,2.518592973066446916e-12,-1.273064108949695759e-02,-1.273064109056115320e-02,1.064195606637063918e-12
1.000000000000000000e+00,2.343750000000000000e-01,-2.887681634237000000e-02,-2.887681634518573376e-02,2.815733757266514203e-12,-1.352032371352054028e-02,-1.352032371459972217e-02,1.079181882746027554e-12
1.000000000000000000e+00,2.500000000000000000e-01,-3.266977619898999569e-02,-3.266977620210140265e-02,3.111406965405905112e-12,-1.429405315322765033e-02,-1.429405315431427938e-02,1.086629050628395987e-12
1.000000000000000000e+00,2.656250000000000000e-01,-3.667156275009000183e-02,-3.667156275349073291e-02,3.400731085623220906e-12,-1.505182940861828425e-02,-1.505182940970482136e-02,1.086537110284169216e-12
1.000000000000000000e+00,2.812500000000000000e-01,-4.087782543952000330e-02,-4.087782544321885703e-02,3.698853723310691066e-12,-1.579365247968671226e-02,-1.579365248077135506e-02,1.084642792248402543e-12
1.000000000000000000e+00,2.968750000000000000e-01,-4.528421371115999572e-02,-4.528421371515090749e-02,3.990911767726146309e-12,-1.651952236644439742e-02,-1.651952236751387873e-02,1.069481309068365249e-12
1.000000000000000000e+00,3.125000000000000000e-01,-4.988637700887000453e-02,-4.988637701315200290e-02,4.281998366995054539e-12,-1.722943906888561166e-02,-1.722943906993238891e-02,1.046777248214780798e-12
1.000000000000000000e+00,3.281250000000000000e-01,-5.467996477651999865e-02,-5.467996478108728964e-02,4.567290989854200234e-12,-1.792340258701034805e-02,-1.792340258802688560e-02,1.016537548581553096e-12
1.000000000000000000e+00,3.437500000000000000e-01,-5.966062645798999448e-02,-5.966062646282190018e-02,4.831905708879702388e-12,-1.860141292081861006e-02,-1.860141292179737574e-02,9.787656796156340988e-13
1.000000000000000000e+00,3.593750000000000000e-01,-6.482401149711999877e-02,-6.482401150222096009e-02,5.100961320003705168e-12,-1.926347007031039421e-02,-1.926347007124385238e-02,9.334581718700718511e-13
1.000000000000000000e+00,3.750000000000000000e-01,-7.016576933781000502e-02,-7.016576934314959491e-02,5.339589881359074752e-12,-1.990957403548570745e-02,-1.990957403636631554e-02,8.806080864509624462e-13
1.000000000000000000e+00,3.906250000000000000e-01,-7.568154942389999917e-02,-7.568154942947297181e-02,5.572972638923090472e-12,-2.053972481634454977e-02,-2.053972481716476867e-02,8.202188928052578376e-13
1.000000000000000000e+00,4.062500000000000000e-01,-8.136700119926000563e-02,-8.136700120505617473e-02,5.796169100236170380e-12,-2.115392241288691424e-02,-2.115392241363921177e-02,7.522975298268619326e-13
1.000000000000000000e+00,4.218750000000000000e-01,-8.721777410777999118e-02,-8.721777411376437084e-02,5.984379658485750042e-12,-2.175216682510707628e-02,-2.175216682578963792e-02,6.825616460925942874e-13
1.000000000000000000e+00,4.375000000000000000e-01,-9.322951759330000421e-02,-9.322951759946267181e-02,6.162667598452742368e-12,-2.233445805301648851e-02,-2.233445805361605752e-02,5.995690055549118824e-13
1.000000000000000000e+00,4.531250000000000000e-01,-9.939788109969999175e-02,-9.939788110601621707e-02,6.316225320546209332e-12,-2.290079609660942983e-02,-2.290079609711846362e-02,5.090337873436823202e-13
1.000000000000000000e+00,4.687500000000000000e-01,-1.057185140709000076e-01,-1.057185140772901460e-01,6.390138418410629129e-12,-2.345118095588589677e-02,-2.345118095629686317e-02,4.109663997997614615e-13
1.000000000000000000e+00,4.843750000000000000e-01,-1.121870659506000040e-01,-1.121870659571495704e-01,6.549566444746801608e-12,-2.398561263085162085e-02,-2.398561263115124575e-02,2.996249082176660750e-13
1.000000000000000000e+00,5.000000000000000000e-01,-1.187991861829000018e-01,-1.187991861894596574e-01,6.559655596483082718e-12,-2.450409112149513555e-02,-2.450409112168161832e-02,1.864827736675067626e-13
1.000000000000000000e+00,5.156250000000000000e-01,-1.255505242114000053e-01,-1.255505242180855185e-01,6.685513254112152026e-12,-2.500661642782791086e-02,-2.500661642788798086e-02,6.007000452612487607e-14
1.000000000000000000e+00,5.312500000000000000e-01,-1.324367294802999973e-01,-1.324367294868922518e-01,6.592254520043638877e-12,-2.549318854984420832e-02,-2.549318854977033338e-02,-7.387493394794830692e-14
1.000000000000000000e+00,5.468750000000000000e-01,-1.394534514330999786e-01,-1.394534514397450242e-01,6.645045624864565070e-12,-2.596380748754976292e-02,-2.596380748732866894e-02,-2.210939764601960178e-13
1.000000000000000000e+00,5.625000000000000000e-01,-1.465963395140000014e-01,-1.465963395205090170e-01,6.509015548772367765e-12,-2.641847324093311161e-02,-2.641847324056299795e-02,-3.701136619405076544e-13
1.000000000000000000e+00,5.781250000000000000e-01,-1.538610431666999900e-01,-1.538610431730492722e-01,6.349282211104423368e-12,-2.685718581001144897e-02,-2.685718580947331346e-02,-5.381355083766692360e-13
1.000000000000000000e+00,5.937500000000000000e-01,-1.612432118349999832e-01,-1.612432118412309712e-01,6.230987947830612939e-12,-2.727994519476757695e-02,-2.727994519405961549e-02,-7.079614672278466969e-13
1.000000000000000000e+00,6.093750000000000000e-01,-1.687384949628999986e-01,-1.687384949689192115e-01,6.019212905883364328e-12,-2.768675139521296208e-02,-2.768675139432190749e-02,-8.910545912232947785e-13
1.000000000000000000e+00,6.250000000000000000e-01,-1.763425419941999917e-01,-1.763425419999791743e-01,5.779182687959405484e-12,-2.807760441134187282e-02,-2.807760441026018600e-02,-1.081686823445338064e-12
1.000000000000000000e+00,6.406250000000000000e-01,-1.840510023728999800e-01,-1.840510023782759574e-01,5.375977440991164258e-12,-2.845250424316004070e-02,-2.845250424187445795e-02,-1.285582751364700016e-12
1.000000000000000000e+00,6.562500000000000000e-01,-1.918595255425999957e-01,-1.918595255476747141e-01,5.074718423259128031e-12,-2.881145089066173073e-02,-2.881145088916471642e-02,-1.497014318063705218e-12
1.000000000000000000e+00,6.718750000000000000e-01,-1.997637609474000042e-01,-1.997637609520405422e-01,4.640537953903844937e-12,-2.915444435384694985e-02,-2.915444435213096139e-02,-1.715988462436257578e-12
1.000000000000000000e+00,6.875000000000000000e-01,-2.077593580311000165e-01,-2.077593580352386227e-01,4.138606124470811665e-12,-2.948148463272141917e-02,-2.948148463077319981e-02,-1.948219363612224697e-12
1.000000000000000000e+00,7.031250000000000000e-01,-2.158419662375999915e-01,-2.158419662411340534e-01,3.534061931986798299e-12,-2.979257172728514910e-02,-2.979257172509142126e-02,-2.193727838273318298e-12
1.000000000000000000e+00,7.187500000000000000e-01,-2.240072350106999954e-01,-2.240072350135919599e-01,2.891964445694839014e-12,-3.008770563753240465e-02,-3.008770563508563270e-02,-2.446771951714055149e-12
1.000000000000000000e+00,7.343750000000000000e-01,-2.322508137942999873e-01,-2.322508137964774955e-01,2.177508173772935152e-12,-3.036688636346891040e-02,-3.036688636075583411e-02,-2.713076291405158713e-12
1.000000000000000000e+00,7.500000000000000000e-01,-2.405683520322000057e-01,-2.405683520336558134e-01,1.455807696615352143e-12,-3.063011390508321372e-02,-3.063011390210202550e-02,-2.981188212958230110e-12
1.000000000000000000e+00,7.656250000000000000e-01,-2.489554991684000129e-01,-2.489554991689919838e-01,5.919709167301334674e-13,-3.087738826239250570e-02,-3.087738825912419993e-02,-3.268305764914103406e-12
1.000000000000000000e+00,7.812500000000000000e-01,-2.574079046467000476e-01,-2.574079046463511600e-01,-3.488875854884554428e-13,-3.110870943537958830e-02,-3.110870943182236781e-02,-3.557220490391088674e-12
1.000000000000000000e+00,7.968750000000000000e-01,-2.659212179110000407e-01,-2.659212179095985507e-01,-1.401490035135566359e-12,-3.132407742405593498e-02,-3.132407742019652219e-02,-3.859412789353200424e-12
1.000000000000000000e+00,8.125000000000000000e-01,-2.744910884051000033e-01,-2.744910884025991704e-01,-2.500832874119396365e-12,-3.152349222842152493e-02,-3.152349222424666308e-02,-4.174861845118726933e-12
1.000000000000000000e+00,8.281250000000000000e-01,-2.831131655729000052e-01,-2.831131655692182281e-01,-3.681777105413175377e-12,-3.170695384847064396e-02,-3.170695384397279742e-02,-4.497846539663896692e-12
1.000000000000000000e+00,8.437500000000000000e-01,-2.917830988581999740e-01,-2.917830988533208214e-01,-4.879152637471406706e-12,-3.187446228420902361e-02,-3.187446227937491827e-02,-4.834105338247240979e-12
1.000000000000000000e+00,8.593750000000000000e-01,-3.004965377050999864e-01,-3.004965376987721037e-01,-6.327882662304773476e-12,-3.202601753563092540e-02,-3.202601753045302563e-02,-5.177899775610228517e-12
1.000000000000000000e+00,8.750000000000000000e-01,-3.092491315572000188e-01,-3.092491315494371174e-01,-7.762901432784019562e-12,-3.216161960274208087e-02,-3.216161959720712643e-02,-5.534954439223582767e-12
1.000000000000000000e+00,8.906250000000000000e-01,-3.180365298585000056e-01,-3.180365298491811821e-01,-9.318823490644945196e-12,-3.228126848553676542e-02,-3.228126847963721374e-02,-5.899551680510484175e-12
1.000000000000000000e+00,9.062500000000000000e-01,-3.268543820527999855e-01,-3.268543820418692847e-01,-1.093070078894697872e-11,-3.238496418402069671e-02,-3.238496417774328062e-02,-6.277416086941656204e-12
1.000000000000000000e+00,9.218750000000000000e-01,-3.356983375841000039e-01,-3.356983375713665785e-01,-1.273342542518207665e-11,-3.247270669818816402e-02,-3.247270669152534789e-02,-6.662816132152471482e-12
1.000000000000000000e+00,9.375000000000000000e-01,-3.445640458961000130e-01,-3.445640458815382723e-01,-1.456174070213478444e-11,-3.254449602803914654e-02,-3.254449602098340166e-02,-7.055744877249026104e-12
1.000000000000000000e+00,9.531250000000000000e-01,-3.534471564328000026e-01,-3.534471564162493529e-01,-1.655064973959952113e-11,-3.260033217358512814e-02,-3.260033216611743501e-02,-7.467693130536190438e-12
1.000000000000000000e+00,9.687500000000000000e-01,-3.623433186380000115e-01,-3.623433186193650846e-01,-1.863492693487955876e-11,-3.264021513480889342e-02,-3.264021512692746874e-02,-7.881424679556658930e-12
1.000000000000000000e+00,9.843750000000000000e-01,-3.712481819555999984e-01,-3.712481819347505652e-01,-2.084943329094812725e-11,-3.266414491172765083e-02,-3.266414490341348897e-02,-8.314161858979929320e-12
1.000000000000000000e+00,1.000000000000000000e+00,-3.801573958294999778e-01,-3.801573958062708924e-01,-2.322908532192968778e-11,-3.267212150433565498e-02,-3.267212149557548878e-02,-8.760166203547470332e-12
1.000000000000000000e+00,1.015625000000000000e+00,-3.890673347961000061e-01,-3.890673347704803886e-01,-2.561961753855257484e-11,-3.267212150479402444e-02,-3.267212149557548878e-02,-9.218535657051774024e-12
1.000000000000000000e+00,1.031250000000000000e+00,-3.979772737628999857e-01,-3.979772737346898293e-01,-2.821015643306168386e-11,-3.267212150525811848e-02,-3.267212149557548878e-02,-9.682629698026801179e-12
1.000000000000000000e+00,1.046875000000000000e+00,-4.068872127297999963e-01,-4.068872126988993254e-01,-3.090067091093828822e-11,-3.267212150573366863e-02,-3.267212149557548878e-02,-1.015817985283717917e-11
1.000000000000000000e+00,1.062500000000000000e+00,-4.157971516969000136e-01,-4.157971516631088216e-01,-3.379119206670111453e-11,-3.267212150622641337e-02,-3.267212149557548878e-02,-1.065092458674143927e-11
1.000000000000000000e+00,1.078125000000000000e+00,-4.247070906641000065e-01,-4.247070906273182067e-01,-3.678179982813389870e-11,-3.267212150672488963e-02,-3.267212149557548878e-02,-1.114940084701032674e-11
1.000000000000000000e+00,1.093750000000000000e+00,-4.336170296313999750e-01,-4.336170295915277584e-01,-3.987221663948048445e-11,-3.267212150724055353e-02,-3.267212149557548878e-02,-1.166506474747919242e-11
1.000000000000000000e+00,1.109375000000000000e+00,-4.425269685988999502e-01,-4.425269685557371990e-01,-4.316275115101575466e-11,-3.267212150776194896e-02,-3.267212149557548878e-02,-1.218646017431268547e-11
1.000000000000000000e+00,1.125000000000000000e+00,-4.514369075665000119e-01,-4.514369075199466397e-01,-4.655337226822098273e-11,-3.267212150829479356e-02,-3.267212149557548878e-02,-1.271930477608762544e-11
1.000000000000000000e+00,1.140625000000000000e+00,-4.603468465341999938e-01,-4.603468464841561358e-01,-5.004385794649124364e-11,-3.267212150883337662e-02,-3.267212149557548878e-02,-1.325788784312109669e-11
1.000000000000000000e+00,1.156250000000000000e+00,-4.692567855020999823e-01,-4.692567854483656320e-01,-5.373435030264772649e-11,-3.267212150938341580e-02,-3.267212149557548878e-02,-1.380792702398991878e-11
1.000000000000000000e+00,1.171875000000000000e+00,-4.781667244702000330e-01,-4.781667244125750726e-01,-5.762496035899289382e-11,-3.267212150993345499e-02,-3.267212149557548878e-02,-1.435796620485874087e-11
1.000000000000000000e+00,1.187500000000000000e+00,-4.870766634384000038e-01,-4.870766633767845688e-01,-6.161543497640309397e-11,-3.267212151049495722e-02,-3.267212149557548878e-02,-1.491946843845681769e-11
1.000000000000000000e+00,1.203125000000000000e+00,-4.959866024066999501e-01,-4.959866023409940650e-01,-6.570588517718078947e-11,-3.267212151105645251e-02,-3.267212149557548878e-02,-1.548096373316099061e-11
1.000000000000000000e+00,1.218750000000000000e+00,-5.048965413752000142e-01,-5.048965413052034501e-01,-6.999656410044963195e-11,-3.267212151161795475e-02,-3.267212149557548878e-02,-1.604246596675906744e-11
1.000000000000000000e+00,1.234375000000000000e+00,-5.138064803438999739e-01,-5.138064802694130018e-01,-7.448697214584854009e-11,-3.267212151217945004e-02,-3.267212149557548878e-02,-1.660396126146324036e-11
1.000000000000000000e+00,1.250000000000000000e+00,-5.227164193126999647e-01,-5.227164192336224424e-01,-7.907752230806863736e-11,-3.267212151273521381e-02,-3.267212149557548878e-02,-1.715972502980278591e-11
1.000000000000000000e+00,1.265625000000000000e+00,-5.316263582817000177e-01,-5.316263581978319941e-01,-8.386802363702372531e-11,-3.267212151328525993e-02,-3.267212149557548878e-02,-1.770977114956551191e-11
1.000000000000000000e+00,1.281250000000000000e+00,-5.405362972507999908e-01,-5.405362971620414347e-01,-8.875855606049753987e-11,-3.267212151382383606e-02,-3.267212149557548878e-02,-1.824834727770507925e-11
1.000000000000000000e+00,1.296875000000000000e+00,-5.494462362199999950e-01,-5.494462361262507644e-01,-9.374923060079254356e-11,-3.267212151435668760e-02,-3.267212149557548878e-02,-1.878119881837392313e-11
1.000000000000000000e+00,1.312500000000000000e+00,-5.583561751893999503e-01,-5.583561750904603160e-01,-9.893963426321761290e-11,-3.267212151488380761e-02,-3.267212149557548878e-02,-1.930831883267813964e-11
1.000000000000000000e+00,1.328125000000000000e+00,-5.672661141590000788e-01,-5.672661140546698677e-01,-1.043302111369825980e-10,-3.267212151539947151e-02,-3.267212149557548878e-02,-1.982398273314700532e-11
1.000000000000000000e+00,1.343750000000000000e+00,-5.761760531287000164e-01,-5.761760530188793084e-01,-1.098207080829638471e-10,-3.267212151591513541e-02,-3.267212149557548878e-02,-2.033964663361587100e-11
1.000000000000000000e+00,1.359375000000000000e+00,-5.850859920984999851e-01,-5.850859919830887490e-01,-1.154112361234638229e-10,-3.267212151641933626e-02,-3.267212149557548878e-02,-2.084384748135548193e-11
1.000000000000000000e+00,1.375000000000000000e+00,-5.939959310685000160e-01,-5.939959309472983007e-01,-1.212017153306987893e-10,-3.267212151692353711e-02,-3.267212149557548878e-02,-2.134804832909509287e-11
1.000000000000000000e+00,1.390625000000000000e+00,-6.029058700385999670e-01,-6.029058699115076303e-01,-1.270923366547549449e-10,-3.267212151741055726e-02,-3.267212149557548878e-02,-2.183506847552862951e-11
1.000000000000000000e+00,1.406250000000000000e+00,-6.118158090087999490e-01,-6.118158088757171820e-01,-1.330827670287249020e-10,-3.267212151789756353e-02,-3.267212149557548878e-02,-2.232207474417435833e-11
1.000000000000000000e+00,1.421875000000000000e+00,-6.207257479791000732e-01,-6.207257478399266226e-01,-1.391734505418185108e-10,-3.267212151836739603e-02,-3.267212149557548878e-02,-2.279190725040791676e-11
1.000000000000000000e+00,1.437500000000000000e+00,-6.296356869496000375e-01,-6.296356868041360633e-01,-1.454639741993446478e-10,-3.267212151883149007e-02,-3.267212149557548878e-02,-2.325600129138294392e-11
1.000000000000000000e+00,1.453125000000000000e+00,-6.385456259202000329e-01,-6.385456257683456149e-01,-1.518544179290870488e-10,-3.267212151928412800e-02,-3.267212149557548878e-02,-2.370863921852262024e-11
1.000000000000000000e+00,1.468750000000000000e+00,-6.474555648909999794e-01,-6.474555647325551666e-01,-1.584448128255644406e-10,-3.267212151972530287e-02,-3.267212149557548878e-02,-2.414981409293304182e-11
1.000000000000000000e+00,1.484375000000000000e+00,-6.563655038617999260e-01,-6.563655036967644962e-01,-1.650354297666467573e-10,-3.267212152015502163e-02,-3.267212149557548878e-02,-2.457953285350811257e-11
1.000000000000000000e+00,1.500000000000000000e+00,-6.652754428327999348e-01,-6.652754426609739369e-01,-1.718259978744640648e-10,-3.267212152056754582e-02,-3.267212149557548878e-02,-2.499205703498930120e-11
1.000000000000000000e+00,1.515625000000000000e+00,-6.741853818038999746e-01,-6.741853816251834886e-01,-1.787164860544976364e-10,-3.267212152096862082e-02,-3.267212149557548878e-02,-2.539313204152904291e-11
1.000000000000000000e+00,1.531250000000000000e+00,-6.830953207751000456e-01,-6.830953205893930402e-01,-1.857070053290499345e-10,-3.267212152135250819e-02,-3.267212149557548878e-02,-2.577701940786880641e-11
1.000000000000000000e+00,1.546875000000000000e+00,-6.920052597464000366e-01,-6.920052595536024809e-01,-1.927975556981209593e-10,-3.267212152172492556e-02,-3.267212149557548878e-02,-2.614943678258541127e-11
1.000000000000000000e+00,1.562500000000000000e+00,-7.009151987178000587e-01,-7.009151985178119215e-01,-1.999881371617107106e-10,-3.267212152207443071e-02,-3.267212149557548878e-02,-2.649894192963131445e-11
1.000000000000000000e+00,1.578125000000000000e+00,-7.098251376891999698e-01,-7.098251374820213622e-01,-2.071786076029979995e-10,-3.267212152240674822e-02,-3.267212149557548878e-02,-2.683125943647723943e-11
1.000000000000000000e+00,1.593750000000000000e+00,-7.187350766607999430e-01,-7.187350764462308028e-01,-2.145691402333227416e-10,-3.267212152271040809e-02,-3.267212149557548878e-02,-2.713491931150002756e-11
1.000000000000000000e+00,1.609375000000000000e+00,-7.276450156325000584e-01,-7.276450154104403545e-01,-2.220597039581662102e-10,-3.267212152300262573e-02,-3.267212149557548878e-02,-2.742713695047527267e-11
1.000000000000000000e+00,1.625000000000000000e+00,-7.365549546041999518e-01,-7.365549543746497951e-01,-2.295501566607072164e-10,-3.267212152327191726e-02,-3.267212149557548878e-02,-2.769642848399200830e-11
1.000000000000000000e+00,1.640625000000000000e+00,-7.454648935759999873e-01,-7.454648933388592358e-01,-2.371407514800694116e-10,-3.267212152352401422e-02,-3.267212149557548878e-02,-2.794852543841486181e-11
1.000000000000000000e+00,1.656250000000000000e+00,-7.543748325478000227e-01,-7.543748323030687875e-01,-2.447312352771291444e-10,-3.267212152375319895e-02,-3.267212149557548878e-02,-2.817771016516701366e-11
1.000000000000000000e+00,1.671875000000000000e+00,-7.632847715198000094e-01,-7.632847712672782281e-01,-2.525217812632263303e-10,-3.267212152396518909e-02,-3.267212149557548878e-02,-2.838970031282528339e-11
1.000000000000000000e+00,1.687500000000000000e+00,-7.721947104916999649e-01,-7.721947102314876688e-01,-2.602122961548047897e-10,-3.267212152415999854e-02,-3.267212149557548878e-02,-2.858450975917747883e-11
1.000000000000000000e+00,1.703125000000000000e+00,-7.811046494637999826e-01,-7.811046491956971094e-01,-2.681028732354207023e-10,-3.267212152433761341e-02,-3.267212149557548878e-02,-2.876212462643579215e-11
1.000000000000000000e+00,1.718750000000000000e+00,-7.900145884357999693e-01,-7.900145881599066611e-01,-2.758933081992154257e-10,-3.267212152450377216e-02,-3.267212149557548878e-02,-2.892828337985875464e-11
1.000000000000000000e+00,1.734375000000000000e+00,-7.989245274080000181e-01,-7.989245271241162127e-01,-2.838838053520476024e-10,-3.267212152465274327e-02,-3.267212149557548878e-02,-2.907725449308173893e-11
1.000000000000000000e+00,1.750000000000000000e+00,-8.078344663801000358e-01,-8.078344660883256534e-01,-2.917743824326635149e-10,-3.267212152479597592e-02,-3.267212149557548878e-02,-2.922048714104619194e-11
1.000000000000000000e+00,1.765625000000000000e+00,-8.167444053522999736e-01,-8.167444050525349830e-01,-2.997649906077981541e-10,-3.267212152492775940e-02,-3.267212149557548878e-02,-2.935227061406919802e-11
1.000000000000000000e+00,1.781250000000000000e+00,-8.256543443245999425e-01,-8.256543440167444237e-01,-3.078555188551490573e-10,-3.267212152504807982e-02,-3.267212149557548878e-02,-2.947259103436294936e-11
1.000000000000000000e+00,1.796875000000000000e+00,-8.345642832967999913e-01,-8.345642829809539753e-01,-3.158460160079812340e-10,-3.267212152515693718e-02,-3.267212149557548878e-02,-2.958144840192744596e-11
1.000000000000000000e+00,1.812500000000000000e+00,-8.434742222691000713e-01,-8.434742219451635270e-01,-3.239365442553321373e-10,-3.267212152525434538e-02,-3.267212149557548878e-02,-2.967885659455049563e-11
1.000000000000000000e+00,1.828125000000000000e+00,-8.523841612413999291e-01,-8.523841609093729677e-01,-3.320269614803805780e-10,-3.267212152533455899e-02,-3.267212149557548878e-02,-2.975907020807966319e-11
1.000000000000000000e+00,1.843750000000000000e+00,-8.612941002138000401e-01,-8.612940998735824083e-01,-3.402176318445526704e-10,-3.267212152540904108e-02,-3.267212149557548878e-02,-2.983355229524420338e-11
1.000000000000000000e+00,1.859375000000000000e+00,-8.702040391861000090e-01,-8.702040388377918489e-01,-3.483081600919035736e-10,-3.267212152546634246e-02,-3.267212149557548878e-02,-2.989085368110266927e-11
1.000000000000000000e+00,1.875000000000000000e+00,-8.791139781585000090e-01,-8.791139778020012896e-01,-3.564987194337732035e-10,-3.267212152551217386e-02,-3.267212149557548878e-02,-2.993668507533797651e-11
1.000000000000000000e+00,1.890625000000000000e+00,-8.880239171309000090e-01,-8.880239167662108413e-01,-3.646891677533403708e-10,-3.267212152554654914e-02,-3.267212149557548878e-02,-2.997106035573793292e-11
1.000000000000000000e+00,1.906250000000000000e+00,-8.969338561031999779e-01,-8.969338557304202819e-01,-3.727796960006912741e-10,-3.267212152556947524e-02,-3.267212149557548878e-02,-2.999398646119644241e-11
1.000000000000000000e+00,1.921875000000000000e+00,-9.058437950755999779e-01,-9.058437946946298336e-01,-3.809701443202584414e-10,-3.267212152558666288e-02,-3.267212149557548878e-02,-3.001117410139642061e-11
1.000000000000000000e+00,1.937500000000000000e+00,-9.147537340480000889e-01,-9.147537336588392742e-01,-3.891608146844305338e-10,-3.267212152560385052e-02,-3.267212149557548878e-02,-3.002836174159639882e-11
1.000000000000000000e+00,1.953125000000000000e+00,-9.236636730203999779e-01,-9.236636726230487149e-01,-3.973512630039977012e-10,-3.267212152560958205e-02,-3.267212149557548878e-02,-3.003409326796102619e-11
1.000000000000000000e+00,1.968750000000000000e+00,-9.325736119927999779e-01,-9.325736115872581555e-01,-4.055418223458673310e-10,-3.267212152562103816e-02,-3.267212149557548878e-02,-3.004554938179637702e-11
1.000000000000000000e+00,1.984375000000000000e+00,-9.414835509651999779e-01,-9.414835505514677072e-01,-4.137322706654344984e-10,-3.267212152562676969e-02,-3.267212149557548878e-02,-3.005128090816100439e-11
1.000000000000000000e+00,2.000000000000000000e+00,-9.503934899376000889e-01,-9.503934895156771478e-01,-4.219229410296065907e-10,-3.267212152562676969e-02,-3.267212149557548878e-02,-3.005128090816100439e-11
2.000000000000000000e+00,0.000000000000000000e+00,0.000000000000000000e+00,-0.000000000000000000e+00,0.000000000000000000e+00,0.000000000000000000e+00,-0.000000000000000000e+00,0.000000000000000000e+00
2.000000000000000000e+00,1.562500000000000000e-02,-6.888380546007000400e-05,-6.888380546874187311e-05,8.671869103880902596e-15,-5.025253061431813120e-04,-5.025253062063613505e-04,6.318003845789954553e-14
2.000000000000000000e+00,3.125000000000000000e-02,-2.726348510841000109e-04,-2.726348511183888262e-04,3.428881527670069040e-14,-9.890974279646168495e-04,-9.890974280887113775e-04,1.240945280561733810e-13
2.000000000000000000e+00,4.687500000000000000e-02,-6.069025807379999906e-04,-6.069025808140731445e-04,7.607315385266266716e-14,-1.459716365464478567e-03,-1.459716365647049539e-03,1.825709722291790627e-13
2.000000000000000000e+00,6.250000000000000000e-02,-1.067336438286999901e-03,-1.067336438420926625e-03,1.339267238775754265e-13,-1.914382118642709652e-03,-1.914382118881376594e-03,2.386669421122755708e-13
2.000000000000000000e+00,7.812500000000000000e-02,-1.649585867598000024e-03,-1.649585867804081486e-03,2.060814626586582321e-13,-2.353094687499309237e-03,-2.353094687791692109e-03,2.923828713863318995e-13
2.000000000000000000e+00,9.375000000000000000e-02,-2.349300312536000031e-03,-2.349300312828669999e-03,2.926699681216060611e-13,-2.775854072034277756e-03,-2.775854072377995866e-03,3.437181095300445577e-13
2.000000000000000000e+00,1.093750000000000000e-01,-3.162129216966999990e-03,-3.162129217359824218e-03,3.928242280071270187e-13,-3.182660272247615427e-03,-3.182660272640288300e-03,3.926728733838480423e-13
2.000000000000000000e+00,1.250000000000000000e-01,-4.083722024755999901e-03,-4.083722025262675331e-03,5.066754307780918509e-13,-3.573513288139895574e-03,-3.573513288578569844e-03,4.386742705198010128e-13
2.000000000000000000e+00,1.406250000000000000e-01,-5.109728179770000114e-03,-5.109728180402357128e-03,6.323570139743495133e-13,-3.948413119709970678e-03,-3.948413120192838764e-03,4.828680857937861504e-13
2.000000000000000000e+00,1.562500000000000000e-01,-6.235797125873999980e-03,-6.235797126644000363e-03,7.700003828992052490e-13,-4.307359766958415367e-03,-4.307359767483097228e-03,5.246818604587311086e-13
2.000000000000000000e+00,1.718750000000000000e-01,-7.457578306933999347e-03,-7.457578307852737523e-03,9.187381758146706545e-13,-4.650353229885228340e-03,-4.650353230449343934e-03,5.641155945146358874e-13
2.000000000000000000e+00,1.875000000000000000e-01,-8.770721166816999870e-03,-8.770721167893699363e-03,1.076699493451904743e-12,-4.977393508490983789e-03,-4.977393509091578884e-03,6.005950944909521638e-13
2.000000000000000000e+00,2.031250000000000000e-01,-1.017087514938999973e-02,-1.017087515063202184e-02,1.242022110159446413e-12,-5.288480602774535064e-03,-5.288480603409802944e-03,6.352678799670385956e-13
2.000000000000000000e+00,2.187500000000000000e-01,-1.165368969850999990e-02,-1.165368969993283398e-02,1.422834072783984993e-12,-5.583614512737027948e-03,-5.583614513404014379e-03,6.669864313635365249e-13
2.000000000000000000e+00,2.343750000000000000e-01,-1.321481425804999985e-02,-1.321481425966126826e-02,1.611268410361965664e-12,-5.862795238375598413e-03,-5.862795239074215792e-03,6.986173792244976255e-13
2.000000000000000000e+00,2.500000000000000000e-01,-1.484989827187999968e-02,-1.484989827368245717e-02,1.802457488819797504e-12,-6.126022779697694494e-03,-6.126022780420404580e-03,7.227100862206015108e-13
2.000000000000000000e+00,2.656250000000000000e-01,-1.655459118386000059e-02,-1.655459118586153147e-02,2.001530885475943933e-12,-6.373297136691856608e-03,-6.373297137442583346e-03,7.507267377193649338e-13
2.000000000000000000e+00,2.812500000000000000e-01,-1.832454243785000200e-02,-1.832454244006362712e-02,2.213625116542772275e-12,-6.604618309369544339e-03,-6.604618310140749488e-03,7.712051483532711416e-13
2.000000000000000000e+00,2.968750000000000000e-01,-2.015540147773000126e-02,-2.015540148015387140e-02,2.423870132384209342e-12,-6.819986297725028762e-03,-6.819986298514903872e-03,7.898751097634715279e-13
2.000000000000000000e+00,3.125000000000000000e-01,-2.204281774734999713e-02,-2.204281774999739679e-02,2.647399660604676797e-12,-7.019401101752578351e-03,-7.019401102565046499e-03,8.124681483145934635e-13
2.000000000000000000e+00,3.281250000000000000e-01,-2.398244069058999908e-02,-2.398244069345933926e-02,2.869340182121149496e-12,-7.202862721463653556e-03,-7.202862722291179104e-03,8.275255480860721491e-13
2.000000000000000000e+00,3.437500000000000000e-01,-2.596991975131000135e-02,-2.596991975440482783e-02,3.094826478422518790e-12,-7.370371156852526320e-03,-7.370371157693299952e-03,8.407736312721070249e-13
2.000000000000000000e+00,3.593750000000000000e-01,-2.800090437338000060e-02,-2.800090437669899499e-02,3.318994384882145710e-12,-7.521926407919193175e-03,-7.521926408771408175e-03,8.522149999579120561e-13
2.000000000000000000e+00,3.750000000000000000e-01,-3.007104400064999905e-02,-3.007104400420697668e-02,3.556977629104451921e-12,-7.657528474669385646e-03,-7.657528475525506376e-03,8.561207298640738372e-13
2.000000000000000000e+00,3.906250000000000000e-01,-3.217598807700000618e-02,-3.217598808079389500e-02,3.793888814218604466e-12,-7.777177357091646752e-03,-7.777177357955591952e-03,8.639452001024672256e-13
2.000000000000000000e+00,4.062500000000000000e-01,-3.431138604629999783e-02,-3.431138605032489630e-02,4.024898470067483913e-12,-7.880873055191701948e-03,-7.880873056061665771e-03,8.699638232023687578e-13
2.000000000000000000e+00,4.218750000000000000e-01,-3.647288735240000052e-02,-3.647288735666510268e-02,4.265102160339040438e-12,-7.968615568969553836e-03,-7.968615569843729568e-03,8.741757318020404455e-13
2.000000000000000000e+00,4.375000000000000000e-01,-3.865614143918000289e-02,-3.865614144367963967e-02,4.499636774291104757e-12,-8.040404898425201549e-03,-8.040404899301781608e-03,8.765800585397443001e-13
2.000000000000000000e+00,4.531250000000000000e-01,-4.085679775048999679e-02,-4.085679775523366059e-02,4.743663795103714165e-12,-8.096241043564374879e-03,-8.096241044435820156e-03,8.714452770508529511e-13
2.000000000000000000e+00,4.687500000000000000e-01,-4.307050573020999862e-02,-4.307050573519228404e-02,4.982285417565179841e-12,-8.136124004381344033e-03,-8.136124005245850416e-03,8.645063831469457227e-13
2.000000000000000000e+00,4.843750000000000000e-01,-4.529291482221000503e-02,-4.529291482742063557e-02,5.210630538154958913e-12,-8.160053780876109011e-03,-8.160053781731867184e-03,8.557581726575946846e-13
2.000000000000000000e+00,5.000000000000000000e-01,-4.751967447034000092e-02,-4.751967447578386156e-02,5.443860640053088673e-12,-8.168030373048671550e-03,-8.168030373893872195e-03,8.452006455827998366e-13
2.000000000000000000e+00,5.156250000000000000e-01,-4.974715921115999834e-02,-4.974715921683622866e-02,5.676230319107133937e-12,-8.168030373060129398e-03,-8.168030373893872195e-03,8.337427970239730257e-13
2.000000000000000000e+00,5.312500000000000000e-01,-5.197464395199000164e-02,-5.197464395788860270e-02,5.898601052045648885e-12,-8.168030373077317038e-03,-8.168030373893872195e-03,8.165551568239948210e-13
2.000000000000000000e+00,5.468750000000000000e-01,-5.420212869281999801e-02,-5.420212869894096980e-02,6.120971784984163833e-12,-8.168030373094506413e-03,-8.168030373893872195e-03,7.993657819005406395e-13
2.000000000000000000e+00,5.625000000000000000e-01,-5.642961343366000027e-02,-5.642961343999332996e-02,6.333329694019340650e-12,-8.168030373117425580e-03,-8.168030373893872195e-03,7.764466153359350642e-13
2.000000000000000000e+00,5.781250000000000000e-01,-5.865709817450000252e-02,-5.865709818104570400e-02,6.545701480842325282e-12,-8.168030373140343012e-03,-8.168030373893872195e-03,7.535291834948054657e-13
2.000000000000000000e+00,5.937500000000000000e-01,-6.088458291534999678e-02,-6.088458292209807110e-02,6.748074321549779597e-12,-8.168030373168991970e-03,-8.168030373893872195e-03,7.248802252890484965e-13
2.000000000000000000e+00,6.093750000000000000e-01,-6.311206765620999692e-02,-6.311206766315043126e-02,6.940434338353895782e-12,-8.168030373203368985e-03,-8.168030373893872195e-03,6.905032101656161103e-13
2.000000000000000000e+00,6.250000000000000000e-01,-6.533955239708000295e-02,-6.533955240420280530e-02,7.122802347936385559e-12,-8.168030373237746000e-03,-8.168030373893872195e-03,6.561261950421837241e-13
2.000000000000000000e+00,6.406250000000000000e-01,-6.756703713796000099e-02,-6.756703714525517934e-02,7.295178350297248926e-12,-8.168030373272123015e-03,-8.168030373893872195e-03,6.217491799187513379e-13
2.000000000000000000e+00,6.562500000000000000e-01,-6.979452187883999903e-02,-6.979452188630753950e-02,7.467540474870304479e-12,-8.168030373312231557e-03,-8.168030373893872195e-03,5.816406384306915811e-13
2.000000000000000000e+00,6.718750000000000000e-01,-7.202200661974000884e-02,-7.202200662735991354e-02,7.619904707212299400e-12,-8.168030373358066420e-03,-8.168030373893872195e-03,5.358057747484323841e-13
2.000000000000000000e+00,6.875000000000000000e-01,-7.424949136066000266e-02,-7.424949136841228758e-02,7.752284925111041503e-12,-8.168030373403903019e-03,-8.168030373893872195e-03,4.899691763426972102e-13
2.000000000000000000e+00,7.031250000000000000e-01,-7.647697610157999648e-02,-7.647697610946464775e-02,7.884651265221975791e-12,-8.168030373455469409e-03,-8.168030373893872195e-03,4.384027862958106425e-13
2.000000000000000000e+00,7.187500000000000000e-01,-7.870446084252000207e-02,-7.870446085051700791e-02,7.997005835314041633e-12,-8.168030373512765591e-03,-8.168030373893872195e-03,3.811066046077726810e-13
2.000000000000000000e+00,7.343750000000000000e-01,-8.093194558347999168e-02,-8.093194559156939583e-02,8.089404146538470286e-12,-8.168030373570061772e-03,-8.168030373893872195e-03,3.238104229197347195e-13
2.000000000000000000e+00,7.500000000000000000e-01,-8.315943032445000105e-02,-8.315943033262174211e-02,8.171741061602233458e-12,-8.168030373627357954e-03,-8.168030373893872195e-03,2.665142412316967579e-13
2.000000000000000000e+00,7.656250000000000000e-01,-8.538691506544000831e-02,-8.538691507367413003e-02,8.234121717798359441e-12,-8.168030373696111984e-03,-8.168030373893872195e-03,1.977602109848319856e-13
2.000000000000000000e+00,7.812500000000000000e-01,-8.761439980644999959e-02,-8.761439981472649019e-02,8.276490603975616978e-12,-8.168030373759137958e-03,-8.168030373893872195e-03,1.347342376556426302e-13
2.000000000000000000e+00,7.968750000000000000e-01,-8.984188454746999675e-02,-8.984188455577885035e-02,8.308853605143440291e-12,-8.168030373827893723e-03,-8.168030373893872195e-03,6.597847268530188103e-14
2.000000000000000000e+00,8.125000000000000000e-01,-9.206936928851999768e-02,-9.206936929683122439e-02,8.311226706858576563e-12,-8.168030373902377544e-03,-8.168030373893872195e-03,-8.505349202714285184e-15
2.000000000000000000e+00,8.281250000000000000e-01,-9.429685402958000451e-02,-9.429685403788359843e-02,8.303593923564278612e-12,-8.168030373982591158e-03,-8.168030373893872195e-03,-8.871896273188184523e-14
2.000000000000000000e+00,8.437500000000000000e-01,-9.652433877067000123e-02,-9.652433877893595859e-02,8.265957363029485805e-12,-8.168030374062804772e-03,-8.168030373893872195e-03,-1.689325762610494053e-13
2.000000000000000000e+00,8.593750000000000000e-01,-9.875182351177999585e-02,-9.875182351998833263e-02,8.208336788051440180e-12,-8.168030374143020120e-03,-8.168030373893872195e-03,-2.491479245136929421e-13
2.000000000000000000e+00,8.750000000000000000e-01,-1.009793082528999963e-01,-1.009793082610407067e-01,8.140710328063960333e-12,-8.168030374234693317e-03,-8.168030373893872195e-03,-3.408211213251632898e-13
2.000000000000000000e+00,8.906250000000000000e-01,-1.032067929941000023e-01,-1.032067930020930530e-01,7.993050665788814513e-12,-8.168030374320636722e-03,-8.168030373893872195e-03,-4.267645264954822437e-13
2.000000000000000000e+00,9.062500000000000000e-01,-1.054342777353000082e-01,-1.054342777431454409e-01,7.845432636877092136e-12,-8.168030374418039710e-03,-8.168030373893872195e-03,-5.241675149481039853e-13
2.000000000000000000e+00,9.218750000000000000e-01,-1.076617624765000003e-01,-1.076617624841978010e-01,7.697800730177561945e-12,-8.168030374515442699e-03,-8.168030373893872195e-03,-6.215705034007257268e-13
2.000000000000000000e+00,9.375000000000000000e-01,-1.098892472176999924e-01,-1.098892472252501612e-01,7.550168823478031754e-12,-8.168030374612845687e-03,-8.168030373893872195e-03,-7.189734918533474683e-13
2.000000000000000000e+00,9.531250000000000000e-01,-1.121167319590000017e-01,-1.121167319663025352e-01,7.302533577835390588e-12,-8.168030374715976732e-03,-8.168030373893872195e-03,-8.221045372236446269e-13
2.000000000000000000e+00,9.687500000000000000e-01,-1.143442167001999937e-01,-1.143442167073549093e-01,7.154915548923668212e-12,-8.168030374824839304e-03,-8.168030373893872195e-03,-9.309671089585691561e-13
2.000000000000000000e+00,9.843750000000000000e-01,-1.165717014416000064e-01,-1.165717014484072694e-01,6.807263086550108255e-12,-8.168030374933700141e-03,-8.168030373893872195e-03,-1.039827945970017709e-12
2.000000000000000000e+00,1.000000000000000000e+00,-1.187991861829000018e-01,-1.187991861894596435e-01,6.559641718695274903e-12,-8.168030375054022296e-03,-8.168030373893872195e-03,-1.160150100987245025e-12
2.000000000000000000e+00,1.015625000000000000e+00,-1.210266709243000005e-01,-1.210266709305120175e-01,6.212017011897330576e-12,-8.168030375168614660e-03,-8.168030373893872195e-03,-1.274742464363320948e-12
2.000000000000000000e+00,1.031250000000000000e+00,-1.232541556656999993e-01,-1.232541556715643916e-01,5.864392305099386249e-12,-8.168030375294664872e-03,-8.168030373893872195e-03,-1.400792676298223682e-12
2.000000000000000000e+00,1.046875000000000000e+00,-1.254816404072000013e-01,-1.254816404126167517e-01,5.416750381570523132e-12,-8.168030375420715083e-03,-8.168030373893872195e-03,-1.526842888233126416e-12
2.000000000000000000e+00,1.062500000000000000e+00,-1.277091251487000034e-01,-1.277091251536691119e-01,4.969108458041660015e-12,-8.168030375546767030e-03,-8.168030373893872195e-03,-1.652894834891505127e-12
2.000000000000000000e+00,1.078125000000000000e+00,-1.299366098902000055e-01,-1.299366098947214998e-01,4.521494290088412527e-12,-8.168030375684276825e-03,-8.168030373893872195e-03,-1.790404630108710649e-12
2.000000000000000000e+00,1.093750000000000000e+00,-1.321640946317000076e-01,-1.321640946357738322e-01,4.073824610983933781e-12,-8.168030375821784886e-03,-8.168030373893872195e-03,-1.927912690602440193e-12
2.000000000000000000e+00,1.109375000000000000e+00,-1.343915793732999853e-01,-1.343915793768262201e-01,3.526234859663190946e-12,-8.168030375959296416e-03,-8.168030373893872195e-03,-2.065424220543121692e-12
2.000000000000000000e+00,1.125000000000000000e+00,-1.366190641149999940e-01,-1.366190641178785803e-01,2.878586258248105878e-12,-8.168030376108265794e-03,-8.168030373893872195e-03,-2.214393599042630001e-12
2.000000000000000000e+00,1.140625000000000000e+00,-1.388465488565999995e-01,-1.388465488589309405e-01,2.330940995776131786e-12,-8.168030376251505381e-03,-8.168030373893872195e-03,-2.357633185900986916e-12
2.000000000000000000e+00,1.156250000000000000e+00,-1.410740335984000116e-01,-1.410740335999833284e-01,1.583316810993551371e-12,-8.168030376400474760e-03,-8.168030373893872195e-03,-2.506602564400495226e-12
2.000000000000000000e+00,1.171875000000000000e+00,-1.433015183401000203e-01,-1.433015183410357163e-01,9.356959651540819323e-13,-8.168030376549442403e-03,-8.168030373893872195e-03,-2.655570208176527558e-12
2.000000000000000000e+00,1.187500000000000000e+00,-1.455290030819000047e-01,-1.455290030820880487e-01,1.880440247958858890e-13,-8.168030376704141574e-03,-8.168030373893872195e-03,-2.810269378317187261e-12
2.000000000000000000e+00,1.203125000000000000e+00,-1.477564878237999924e-01,-1.477564878231404089e-01,-6.595834989298055007e-13,-8.168030376858839009e-03,-8.168030373893872195e-03,-2.964966813734370987e-12
2.000000000000000000e+00,1.218750000000000000e+00,-1.499839725656000045e-01,-1.499839725641927968e-01,-1.407207683712385915e-12,-8.168030377013538179e-03,-8.168030373893872195e-03,-3.119665983875030690e-12
2.000000000000000000e+00,1.234375000000000000e+00,-1.522114573075999955e-01,-1.522114573052451847e-01,-2.354810790805572651e-12,-8.168030377168235615e-03,-8.168030373893872195e-03,-3.274363419292214417e-12
2.000000000000000000e+00,1.250000000000000000e+00,-1.544389420495000109e-01,-1.544389420462975449e-01,-3.202466070106879670e-12,-8.168030377317204993e-03,-8.168030373893872195e-03,-3.423332797791722726e-12
2.000000000000000000e+00,1.265625000000000000e+00,-1.566664267915000019e-01,-1.566664267873499050e-01,-4.150096932775682035e-12,-8.168030377471904163e-03,-8.168030373893872195e-03,-3.578031967932382429e-12
2.000000000000000000e+00,1.281250000000000000e+00,-1.588939115335999963e-01,-1.588939115284022374e-01,-5.197758889963211004e-12,-8.168030377620873542e-03,-8.168030373893872195e-03,-3.727001346431890738e-12
2.000000000000000000e+00,1.296875000000000000e+00,-1.611213962756999907e-01,-1.611213962694546253e-01,-6.245365335999508716e-12,-8.168030377764113129e-03,-8.168030373893872195e-03,-3.870240933290247654e-12
2.000000000000000000e+00,1.312500000000000000e+00,-1.633488810178000128e-01,-1.633488810105070133e-01,-7.292999537611422056e-12,-8.168030377913082507e-03,-8.168030373893872195e-03,-4.019210311789755963e-12
2.000000000000000000e+00,1.328125000000000000e+00,-1.655763657599999827e-01,-1.655763657515593734e-01,-8.440609322590830743e-12,-8.168030378056320359e-03,-8.168030373893872195e-03,-4.162448163924636901e-12
2.000000000000000000e+00,1.343750000000000000e+00,-1.678038505022000082e-01,-1.678038504926117336e-01,-9.588274618721470688e-12,-8.168030378193831889e-03,-8.168030373893872195e-03,-4.299959693865318400e-12
2.000000000000000000e+00,1.359375000000000000e+00,-1.700313352443999781e-01,-1.700313352336641215e-01,-1.073585664812526375e-11,-8.168030378337069741e-03,-8.168030373893872195e-03,-4.443197546000199338e-12
2.000000000000000000e+00,1.375000000000000000e+00,-1.722588199866999792e-01,-1.722588199747164539e-01,-1.198352528319901467e-11,-8.168030378474581271e-03,-8.168030373893872195e-03,-4.580709075940880837e-12
2.000000000000000000e+00,1.390625000000000000e+00,-1.744863047289999802e-01,-1.744863047157688418e-01,-1.323113840712153433e-11,-8.168030378612089332e-03,-8.168030373893872195e-03,-4.718217136434610381e-12
2.000000000000000000e+00,1.406250000000000000e+00,-1.767137894714000124e-01,-1.767137894568212020e-01,-1.457881038113839622e-11,-8.168030378743871070e-03,-8.168030373893872195e-03,-4.849998874734140486e-12
2.000000000000000000e+00,1.421875000000000000e+00,-1.789412742137999890e-01,-1.789412741978735899e-01,-1.592639908842841123e-11,-8.168030378875651074e-03,-8.168030373893872195e-03,-4.981778878310194614e-12
2.000000000000000000e+00,1.437500000000000000e+00,-1.811687589561999934e-01,-1.811687589389259501e-01,-1.727404330686965750e-11,-8.168030379001701285e-03,-8.168030373893872195e-03,-5.107829090245097348e-12
2.000000000000000000e+00,1.453125000000000000e+00,-1.833962436987000011e-01,-1.833962436799783380e-01,-1.872166310867839911e-11,-8.168030379127753232e-03,-8.168030373893872195e-03,-5.233881036903476058e-12
2.000000000000000000e+00,1.468750000000000000e+00,-1.856237284411999811e-01,-1.856237284210306704e-01,-2.016931066606275635e-11,-8.168030379248073652e-03,-8.168030373893872195e-03,-5.354201457197227398e-12
2.000000000000000000e+00,1.484375000000000000e+00,-1.878512131836999888e-01,-1.878512131620830583e-01,-2.161693046787149797e-11,-8.168030379368394073e-03,-8.168030373893872195e-03,-5.474521877490978738e-12
2.000000000000000000e+00,1.500000000000000000e+00,-1.900786979262999998e-01,-1.900786979031354185e-01,-2.316458136419896618e-11,-8.168030379482986436e-03,-8.168030373893872195e-03,-5.589114240867054662e-12
2.000000000000000000e+00,1.515625000000000000e+00,-1.923061826688000076e-01,-1.923061826441877786e-01,-2.461222892158332343e-11,-8.168030379597577065e-03,-8.168030373893872195e-03,-5.703704869519654608e-12
2.000000000000000000e+00,1.531250000000000000e+00,-1.945336674114999942e-01,-1.945336673852401665e-01,-2.625982764570267136e-11,-8.168030379700711580e-03,-8.168030373893872195e-03,-5.806839384336903720e-12
2.000000000000000000e+00,1.546875000000000000e+00,-1.967611521541000053e-01,-1.967611521262925267e-01,-2.780747854203013958e-11,-8.168030379803842625e-03,-8.168030373893872195e-03,-5.909970429707200879e-12
2.000000000000000000e+00,1.562500000000000000e+00,-1.989886368967999919e-01,-1.989886368673448869e-01,-2.945510502172510314e-11,-8.168030379901245613e-03,-8.168030373893872195e-03,-6.007373418159822620e-12
2.000000000000000000e+00,1.578125000000000000e+00,-2.012161216395000063e-01,-2.012161216083972470e-01,-3.110275925699568234e-11,-8.168030379992918810e-03,-8.168030373893872195e-03,-6.099046614971292968e-12
2.000000000000000000e+00,1.593750000000000000e+00,-2.034436063821999929e-01,-2.034436063494496350e-01,-3.275035798111503027e-11,-8.168030380078863950e-03,-8.168030373893872195e-03,-6.184991754865087898e-12
2.000000000000000000e+00,1.609375000000000000e+00,-2.056710911250000107e-01,-2.056710910905019951e-01,-3.449801555532872044e-11,-8.168030380159075829e-03,-8.168030373893872195e-03,-6.265203633670779482e-12
2.000000000000000000e+00,1.625000000000000000e+00,-2.078985758676999973e-01,-2.078985758315543830e-01,-3.614561427944806837e-11,-8.168030380233561386e-03,-8.168030373893872195e-03,-6.339689190282271625e-12
2.000000000000000000e+00,1.640625000000000000e+00,-2.101260606105000150e-01,-2.101260605726067432e-01,-3.789327185366175854e-11,-8.168030380302315416e-03,-8.168030373893872195e-03,-6.408443220529136397e-12
2.000000000000000000e+00,1.656250000000000000e+00,-2.123535453533000050e-01,-2.123535453136591034e-01,-3.964090167229983308e-11,-8.168030380365341389e-03,-8.168030373893872195e-03,-6.471469193858325752e-12
2.000000000000000000e+00,1.671875000000000000e+00,-2.145810300961999983e-01,-2.145810300547114635e-01,-4.148853482988101860e-11,-8.168030380428367362e-03,-8.168030373893872195e-03,-6.534495167187515108e-12
2.000000000000000000e+00,1.687500000000000000e+00,-2.168085148389999883e-01,-2.168085147957638237e-01,-4.323616464851909313e-11,-8.168030380479933752e-03,-8.168030373893872195e-03,-6.586061557234401675e-12
2.000000000000000000e+00,1.703125000000000000e+00,-2.190359995818999816e-01,-2.190359995368162116e-01,-4.508377005052466302e-11,-8.168030380525770351e-03,-8.168030373893872195e-03,-6.631898155640136849e-12
2.000000000000000000e+00,1.718750000000000000e+00,-2.212634843246999994e-01,-2.212634842778685718e-01,-4.683142762473835319e-11,-8.168030380571606949e-03,-8.168030373893872195e-03,-6.677734754045872023e-12
2.000000000000000000e+00,1.734375000000000000e+00,-2.234909690675999927e-01,-2.234909690189209597e-01,-4.867903302674392307e-11,-8.168030380617441813e-03,-8.168030373893872195e-03,-6.723569617728131220e-12
2.000000000000000000e+00,1.750000000000000000e+00,-2.257184538104999860e-01,-2.257184537599732921e-01,-5.052669393990072422e-11,-8.168030380657550354e-03,-8.168030373893872195e-03,-6.763678159216190977e-12
2.000000000000000000e+00,1.765625000000000000e+00,-2.279459385534000071e-01,-2.279459385010256800e-01,-5.237432709748190973e-11,-8.168030380691927370e-03,-8.168030373893872195e-03,-6.798055174339623363e-12
2.000000000000000000e+00,1.781250000000000000e+00,-2.301734232963000004e-01,-2.301734232420780402e-01,-5.422196025506309525e-11,-8.168030380726304385e-03,-8.168030373893872195e-03,-6.832432189463055749e-12
2.000000000000000000e+00,1.796875000000000000e+00,-2.324009080391999937e-01,-2.324009079831304281e-01,-5.606956565706866513e-11,-8.168030380754953343e-03,-8.168030373893872195e-03,-6.861081147668812719e-12
2.000000000000000000e+00,1.812500000000000000e+00,-2.346283927822000182e-01,-2.346283927241827882e-01,-5.801722990916857725e-11,-8.168030380783600566e-03,-8.168030373893872195e-03,-6.889728371151093711e-12
2.000000000000000000e+00,1.828125000000000000e+00,-2.368558775251000115e-01,-2.368558774652351762e-01,-5.986483531117414714e-11,-8.168030380806519733e-03,-8.168030373893872195e-03,-6.912647537715699286e-12
2.000000000000000000e+00,1.843750000000000000e+00,-2.390833622680000048e-01,-2.390833622062875086e-01,-6.171249622433094828e-11,-8.168030380823707373e-03,-8.168030373893872195e-03,-6.929835177915677491e-12
2.000000000000000000e+00,1.859375000000000000e+00,-2.413108470110000014e-01,-2.413108469473398687e-01,-6.366013272085524477e-11,-8.168030380840896748e-03,-8.168030373893872195e-03,-6.947024552839131672e-12
2.000000000000000000e+00,1.875000000000000000e+00,-2.435383317538999948e-01,-2.435383316883922566e-01,-6.550773812286081466e-11,-8.168030380852356331e-03,-8.168030373893872195e-03,-6.958484136121434460e-12
2.000000000000000000e+00,1.890625000000000000e+00,-2.457658164968999914e-01,-2.457658164294446168e-01,-6.745537461938511115e-11,-8.168030380863814180e-03,-8.168030373893872195e-03,-6.969941984680261271e-12
2.000000000000000000e+00,1.906250000000000000e+00,-2.479933012397999847e-01,-2.479933011704970325e-01,-6.930295226581506540e-11,-8.168030380869543972e-03,-8.168030373893872195e-03,-6.975671776321412665e-12
2.000000000000000000e+00,1.921875000000000000e+00,-2.502207859828000092e-01,-2.502207859115493926e-01,-7.125061651791497752e-11,-8.168030380875273763e-03,-8.168030373893872195e-03,-6.981401567962564059e-12
2.000000000000000000e+00,1.937500000000000000e+00,-2.524482707256999747e-01,-2.524482706526017251e-01,-7.309824967549616304e-11,-8.168030380881003555e-03,-8.168030373893872195e-03,-6.987131359603715453e-12
2.000000000000000000e+00,1.953125000000000000e+00,-2.546757554687000269e-01,-2.546757553936541130e-01,-7.504591392759607515e-11,-8.168030380881003555e-03,-8.168030373893872195e-03,-6.987131359603715453e-12
2.000000000000000000e+00,1.968750000000000000e+00,-2.569032402116999680e-01,-2.569032401347064454e-01,-7.699352266854475602e-11,-8.168030380881003555e-03,-8.168030373893872195e-03,-6.987131359603715453e-12
2.000000000000000000e+00,1.984375000000000000e+00,-2.591307249545999891e-01,-2.591307248757587778e-01,-7.884121133727717279e-11,-8.168030380886733346e-03,-8.168030373893872195e-03,-6.992861151244866846e-12
2.000000000000000000e+00,2.000000000000000000e+00,-2.613582096975999858e-01,-2.613582096168112212e-01,-8.078876456707462239e-11,-8.168030380886733346e-03,-8.168030373893872195e-03,-6.992861151244866846e-12
