Element ID,Local DOF,Global DOF
0,"[0, 1, 2, 3, 4, 5, 6, 7, 8, 9, 10, 11]","[0, 1, 2, 3, 4, 5, 6, 7, 8, 9, 10, 11]"
1,"[0, 1, 2, 3, 4, 5, 6, 7, 8, 9, 10, 11]","[6, 7, 8, 9, 10, 11, 12, 13, 14, 15, 16, 17]"
2,"[0, 1, 2, 3, 4, 5, 6, 7, 8, 9, 10, 11]","[12, 13, 14, 15, 16, 17, 18, 19, 20, 21, 22, 23]"
3,"[0, 1, 2, 3, 4, 5, 6, 7, 8, 9, 10, 11]","[18, 19, 20, 21, 22, 23, 24, 25, 26, 27, 28, 29]"
4,"[0, 1, 2, 3, 4, 5, 6, 7, 8, 9, 10, 11]","[24, 25, 26, 27, 28, 29, 30, 31, 32, 33, 34, 35]"
5,"[0, 1, 2, 3, 4, 5, 6, 7, 8, 9, 10, 11]","[30, 31, 32, 33, 34, 35, 36, 37, 38, 39, 40, 41]"
6,"[0, 1, 2, 3, 4, 5, 6, 7, 8, 9, 10, 11]","[36, 37, 38, 39, 40, 41, 42, 43, 44, 45, 46, 47]"
7,"[0, 1, 2, 3, 4, 5, 6, 7, 8, 9, 10, 11]","[42, 43, 44, 45, 46, 47, 48, 49, 50, 51, 52, 53]"
8,"[0, 1, 2, 3, 4, 5, 6, 7, 8, 9, 10, 11]","[48, 49, 50, 51, 52, 53, 54, 55, 56, 57, 58, 59]"
9,"[0, 1, 2, 3, 4, 5, 6, 7, 8, 9, 10, 11]","[54, 55, 56, 57, 58, 59, 60, 61, 62, 63, 64, 65]"
10,"[0, 1, 2, 3, 4, 5, 6, 7, 8, 9, 10, 11]","[60, 61, 62, 63, 64, 65, 66, 67, 68, 69, 70, 71]"
11,"[0, 1, 2, 3, 4, 5, 6, 7, 8, 9, 10, 11]","[66, 67, 68, 69, 70, 71, 72, 73, 74, 75, 76, 77]"
12,"[0, 1, 2, 3, 4, 5, 6, 7, 8, 9, 10, 11]","[72, 73, 74, 75, 76, 77, 78, 79, 80, 81, 82, 83]"
13,"[0, 1, 2, 3, 4, 5, 6, 7, 8, 9, 10, 11]","[78, 79, 80, 81, 82, 83, 84, 85, 86, 87, 88, 89]"
14,"[0, 1, 2, 3, 4, 5, 6, 7, 8, 9, 10, 11]","[84, 85, 86, 87, 88, 89, 90, 91, 92, 93, 94, 95]"
15,"[0, 1, 2, 3, 4, 5, 6, 7, 8, 9, 10, 11]","[90, 91, 92, 93, 94, 95, 96, 97, 98, 99, 100, 101]"
16,"[0, 1, 2, 3, 4, 5, 6, 7, 8, 9, 10, 11]","[96, 97, 98, 99, 100, 101, 102, 103, 104, 105, 106, 107]"
17,"[0, 1, 2, 3, 4, 5, 6, 7, 8, 9, 10, 11]","[102, 103, 104, 105, 106, 107, 108, 109, 110, 111, 112, 113]"
18,"[0, 1, 2, 3, 4, 5, 6, 7, 8, 9, 10, 11]","[108, 109, 110, 111, 112, 113, 114, 115, 116, 117, 118, 119]"
19,"[0, 1, 2, 3, 4, 5, 6, 7, 8, 9, 10, 11]","[114, 115, 116, 117, 118, 119, 120, 121, 122, 123, 124, 125]"
20,"[0, 1, 2, 3, 4, 5, 6, 7, 8, 9, 10, 11]","[120, 121, 122, 123, 124, 125, 126, 127, 128, 129, 130, 131]"
21,"[0, 1, 2, 3, 4, 5, 6, 7, 8, 9, 10, 11]","[126, 127, 128, 129, 130, 131, 132, 133, 134, 135, 136, 137]"
22,"[0, 1, 2, 3, 4, 5, 6, 7, 8, 9, 10, 11]","[132, 133, 134, 135, 136, 137, 138, 139, 140, 141, 142, 143]"
23,"[0, 1, 2, 3, 4, 5, 6, 7, 8, 9, 10, 11]","[138, 139, 140, 141, 142, 143, 144, 145, 146, 147, 148, 149]"
24,"[0, 1, 2, 3, 4, 5, 6, 7, 8, 9, 10, 11]","[144, 145, 146, 147, 148, 149, 150, 151, 152, 153, 154, 155]"
25,"[0, 1, 2, 3, 4, 5, 6, 7, 8, 9, 10, 11]","[150, 151, 152, 153, 154, 155, 156, 157, 158, 159, 160, 161]"
26,"[0, 1, 2, 3, 4, 5, 6, 7, 8, 9, 10, 11]","[156, 157, 158, 159, 160, 161, 162, 163, 164, 165, 166, 167]"
27,"[0, 1, 2, 3, 4, 5, 6, 7, 8, 9, 10, 11]","[162, 163, 164, 165, 166, 167, 168, 169, 170, 171, 172, 173]"
28,"[0, 1, 2, 3, 4, 5, 6, 7, 8, 9, 10, 11]","[168, 169, 170, 171, 172, 173, 174, 175, 176, 177, 178, 179]"
29,"[0, 1, 2, 3, 4, 5, 6, 7, 8, 9, 10, 11]","[174, 175, 176, 177, 178, 179, 180, 181, 182, 183, 184, 185]"
30,"[0, 1, 2, 3, 4, 5, 6, 7, 8, 9, 10, 11]","[180, 181, 182, 183, 184, 185, 186, 187, 188, 189, 190, 191]"
31,"[0, 1, 2, 3, 4, 5, 6, 7, 8, 9, 10, 11]","[186, 187, 188, 189, 190, 191, 192, 193, 194, 195, 196, 197]"
32,"[0, 1, 2, 3, 4, 5, 6, 7, 8, 9, 10, 11]","[192, 193, 194, 195, 196, 197, 198, 199, 200, 201, 202, 203]"
33,"[0, 1, 2, 3, 4, 5, 6, 7, 8, 9, 10, 11]","[198, 199, 200, 201, 202, 203, 204, 205, 206, 207, 208, 209]"
34,"[0, 1, 2, 3, 4, 5, 6, 7, 8, 9, 10, 11]","[204, 205, 206, 207, 208, 209, 210, 211, 212, 213, 214, 215]"
35,"[0, 1, 2, 3, 4, 5, 6, 7, 8, 9, 10, 11]","[210, 211, 212, 213, 214, 215, 216, 217, 218, 219, 220, 221]"
36,"[0, 1, 2, 3, 4, 5, 6, 7, 8, 9, 10, 11]","[216, 217, 218, 219, 220, 221, 222, 223, 224, 225, 226, 227]"
37,"[0, 1, 2, 3, 4, 5, 6, 7, 8, 9, 10, 11]","[222, 223, 224, 225, 226, 227, 228, 229, 230, 231, 232, 233]"
38,"[0, 1, 2, 3, 4, 5, 6, 7, 8, 9, 10, 11]","[228, 229, 230, 231, 232, 233, 234, 235, 236, 237, 238, 239]"
39,"[0, 1, 2, 3, 4, 5, 6, 7, 8, 9, 10, 11]","[234, 235, 236, 237, 238, 239, 240, 241, 242, 243, 244, 245]"
40,"[0, 1, 2, 3, 4, 5, 6, 7, 8, 9, 10, 11]","[240, 241, 242, 243, 244, 245, 246, 247, 248, 249, 250, 251]"
41,"[0, 1, 2, 3, 4, 5, 6, 7, 8, 9, 10, 11]","[246, 247, 248, 249, 250, 251, 252, 253, 254, 255, 256, 257]"
42,"[0, 1, 2, 3, 4, 5, 6, 7, 8, 9, 10, 11]","[252, 253, 254, 255, 256, 257, 258, 259, 260, 261, 262, 263]"
43,"[0, 1, 2, 3, 4, 5, 6, 7, 8, 9, 10, 11]","[258, 259, 260, 261, 262, 263, 264, 265, 266, 267, 268, 269]"
44,"[0, 1, 2, 3, 4, 5, 6, 7, 8, 9, 10, 11]","[264, 265, 266, 267, 268, 269, 270, 271, 272, 273, 274, 275]"
45,"[0, 1, 2, 3, 4, 5, 6, 7, 8, 9, 10, 11]","[270, 271, 272, 273, 274, 275, 276, 277, 278, 279, 280, 281]"
46,"[0, 1, 2, 3, 4, 5, 6, 7, 8, 9, 10, 11]","[276, 277, 278, 279, 280, 281, 282, 283, 284, 285, 286, 287]"
47,"[0, 1, 2, 3, 4, 5, 6, 7, 8, 9, 10, 11]","[282, 283, 284, 285, 286, 287, 288, 289, 290, 291, 292, 293]"
48,"[0, 1, 2, 3, 4, 5, 6, 7, 8, 9, 10, 11]","[288, 289, 290, 291, 292, 293, 294, 295, 296, 297, 298, 299]"
49,"[0, 1, 2, 3, 4, 5, 6, 7, 8, 9, 10, 11]","[294, 295, 296, 297, 298, 299, 300, 301, 302, 303, 304, 305]"
50,"[0, 1, 2, 3, 4, 5, 6, 7, 8, 9, 10, 11]","[300, 301, 302, 303, 304, 305, 306, 307, 308, 309, 310, 311]"
51,"[0, 1, 2, 3, 4, 5, 6, 7, 8, 9, 10, 11]","[306, 307, 308, 309, 310, 311, 312, 313, 314, 315, 316, 317]"
52,"[0, 1, 2, 3, 4, 5, 6, 7, 8, 9, 10, 11]","[312, 313, 314, 315, 316, 317, 318, 319, 320, 321, 322, 323]"
53,"[0, 1, 2, 3, 4, 5, 6, 7, 8, 9, 10, 11]","[318, 319, 320, 321, 322, 323, 324, 325, 326, 327, 328, 329]"
54,"[0, 1, 2, 3, 4, 5, 6, 7, 8, 9, 10, 11]","[324, 325, 326, 327, 328, 329, 330, 331, 332, 333, 334, 335]"
55,"[0, 1, 2, 3, 4, 5, 6, 7, 8, 9, 10, 11]","[330, 331, 332, 333, 334, 335, 336, 337, 338, 339, 340, 341]"
56,"[0, 1, 2, 3, 4, 5, 6, 7, 8, 9, 10, 11]","[336, 337, 338, 339, 340, 341, 342, 343, 344, 345, 346, 347]"
57,"[0, 1, 2, 3, 4, 5, 6, 7, 8, 9, 10, 11]","[342, 343, 344, 345, 346, 347, 348, 349, 350, 351, 352, 353]"
58,"[0, 1, 2, 3, 4, 5, 6, 7, 8, 9, 10, 11]","[348, 349, 350, 351, 352, 353, 354, 355, 356, 357, 358, 359]"
59,"[0, 1, 2, 3, 4, 5, 6, 7, 8, 9, 10, 11]","[354, 355, 356, 357, 358, 359, 360, 361, 362, 363, 364, 365]"
60,"[0, 1, 2, 3, 4, 5, 6, 7, 8, 9, 10, 11]","[360, 361, 362, 363, 364, 365, 366, 367, 368, 369, 370, 371]"
61,"[0, 1, 2, 3, 4, 5, 6, 7, 8, 9, 10, 11]","[366, 367, 368, 369, 370, 371, 372, 373, 374, 375, 376, 377]"
62,"[0, 1, 2, 3, 4, 5, 6, 7, 8, 9, 10, 11]","[372, 373, 374, 375, 376, 377, 378, 379, 380, 381, 382, 383]"
63,"[0, 1, 2, 3, 4, 5, 6, 7, 8, 9, 10, 11]","[378, 379, 380, 381, 382, 383, 384, 385, 386, 387, 388, 389]"
64,"[0, 1, 2, 3, 4, 5, 6, 7, 8, 9, 10, 11]","[384, 385, 386, 387, 388, 389, 390, 391, 392, 393, 394, 395]"
65,"[0, 1, 2, 3, 4, 5, 6, 7, 8, 9, 10, 11]","[390, 391, 392, 393, 394, 395, 396, 397, 398, 399, 400, 401]"
66,"[0, 1, 2, 3, 4, 5, 6, 7, 8, 9, 10, 11]","[396, 397, 398, 399, 400, 401, 402, 403, 404, 405, 406, 407]"
67,"[0, 1, 2, 3, 4, 5, 6, 7, 8, 9, 10, 11]","[402, 403, 404, 405, 406, 407, 408, 409, 410, 411, 412, 413]"
68,"[0, 1, 2, 3, 4, 5, 6, 7, 8, 9, 10, 11]","[408, 409, 410, 411, 412, 413, 414, 415, 416, 417, 418, 419]"
69,"[0, 1, 2, 3, 4, 5, 6, 7, 8, 9, 10, 11]","[414, 415, 416, 417, 418, 419, 420, 421, 422, 423, 424, 425]"
70,"[0, 1, 2, 3, 4, 5, 6, 7, 8, 9, 10, 11]","[420, 421, 422, 423, 424, 425, 426, 427, 428, 429, 430, 431]"
71,"[0, 1, 2, 3, 4, 5, 6, 7, 8, 9, 10, 11]","[426, 427, 428, 429, 430, 431, 432, 433, 434, 435, 436, 437]"
72,"[0, 1, 2, 3, 4, 5, 6, 7, 8, 9, 10, 11]","[432, 433, 434, 435, 436, 437, 438, 439, 440, 441, 442, 443]"
73,"[0, 1, 2, 3, 4, 5, 6, 7, 8, 9, 10, 11]","[438, 439, 440, 441, 442, 443, 444, 445, 446, 447, 448, 449]"
74,"[0, 1, 2, 3, 4, 5, 6, 7, 8, 9, 10, 11]","[444, 445, 446, 447, 448, 449, 450, 451, 452, 453, 454, 455]"
75,"[0, 1, 2, 3, 4, 5, 6, 7, 8, 9, 10, 11]","[450, 451, 452, 453, 454, 455, 456, 457, 458, 459, 460, 461]"
76,"[0, 1, 2, 3, 4, 5, 6, 7, 8, 9, 10, 11]","[456, 457, 458, 459, 460, 461, 462, 463, 464, 465, 466, 467]"
77,"[0, 1, 2, 3, 4, 5, 6, 7, 8, 9, 10, 11]","[462, 463, 464, 465, 466, 467, 468, 469, 470, 471, 472, 473]"
78,"[0, 1, 2, 3, 4, 5, 6, 7, 8, 9, 10, 11]","[468, 469, 470, 471, 472, 473, 474, 475, 476, 477, 478, 479]"
79,"[0, 1, 2, 3, 4, 5, 6, 7, 8, 9, 10, 11]","[474, 475, 476, 477, 478, 479, 480, 481, 482, 483, 484, 485]"
80,"[0, 1, 2, 3, 4, 5, 6, 7, 8, 9, 10, 11]","[480, 481, 482, 483, 484, 485, 486, 487, 488, 489, 490, 491]"
81,"[0, 1, 2, 3, 4, 5, 6, 7, 8, 9, 10, 11]","[486, 487, 488, 489, 490, 491, 492, 493, 494, 495, 496, 497]"
82,"[0, 1, 2, 3, 4, 5, 6, 7, 8, 9, 10, 11]","[492, 493, 494, 495, 496, 497, 498, 499, 500, 501, 502, 503]"
83,"[0, 1, 2, 3, 4, 5, 6, 7, 8, 9, 10, 11]","[498, 499, 500, 501, 502, 503, 504, 505, 506, 507, 508, 509]"
84,"[0, 1, 2, 3, 4, 5, 6, 7, 8, 9, 10, 11]","[504, 505, 506, 507, 508, 509, 510, 511, 512, 513, 514, 515]"
85,"[0, 1, 2, 3, 4, 5, 6, 7, 8, 9, 10, 11]","[510, 511, 512, 513, 514, 515, 516, 517, 518, 519, 520, 521]"
86,"[0, 1, 2, 3, 4, 5, 6, 7, 8, 9, 10, 11]","[516, 517, 518, 519, 520, 521, 522, 523, 524, 525, 526, 527]"
87,"[0, 1, 2, 3, 4, 5, 6, 7, 8, 9, 10, 11]","[522, 523, 524, 525, 526, 527, 528, 529, 530, 531, 532, 533]"
88,"[0, 1, 2, 3, 4, 5, 6, 7, 8, 9, 10, 11]","[528, 529, 530, 531, 532, 533, 534, 535, 536, 537, 538, 539]"
89,"[0, 1, 2, 3, 4, 5, 6, 7, 8, 9, 10, 11]","[534, 535, 536, 537, 538, 539, 540, 541, 542, 543, 544, 545]"
90,"[0, 1, 2, 3, 4, 5, 6, 7, 8, 9, 10, 11]","[540, 541, 542, 543, 544, 545, 546, 547, 548, 549, 550, 551]"
91,"[0, 1, 2, 3, 4, 5, 6, 7, 8, 9, 10, 11]","[546, 547, 548, 549, 550, 551, 552, 553, 554, 555, 556, 557]"
92,"[0, 1, 2, 3, 4, 5, 6, 7, 8, 9, 10, 11]","[552, 553, 554, 555, 556, 557, 558, 559, 560, 561, 562, 563]"
93,"[0, 1, 2, 3, 4, 5, 6, 7, 8, 9, 10, 11]","[558, 559, 560, 561, 562, 563, 564, 565, 566, 567, 568, 569]"
94,"[0, 1, 2, 3, 4, 5, 6, 7, 8, 9, 10, 11]","[564, 565, 566, 567, 568, 569, 570, 571, 572, 573, 574, 575]"
95,"[0, 1, 2, 3, 4, 5, 6, 7, 8, 9, 10, 11]","[570, 571, 572, 573, 574, 575, 576, 577, 578, 579, 580, 581]"
96,"[0, 1, 2, 3, 4, 5, 6, 7, 8, 9, 10, 11]","[576, 577, 578, 579, 580, 581, 582, 583, 584, 585, 586, 587]"
97,"[0, 1, 2, 3, 4, 5, 6, 7, 8, 9, 10, 11]","[582, 583, 584, 585, 586, 587, 588, 589, 590, 591, 592, 593]"
98,"[0, 1, 2, 3, 4, 5, 6, 7, 8, 9, 10, 11]","[588, 589, 590, 591, 592, 593, 594, 595, 596, 597, 598, 599]"
99,"[0, 1, 2, 3, 4, 5, 6, 7, 8, 9, 10, 11]","[594, 595, 596, 597, 598, 599, 600, 601, 602, 603, 604, 605]"
