Condensed DOF,Value
0,0.000000000000e+00
1,-1.708815710442e-09
2,0.000000000000e+00
3,0.000000000000e+00
4,0.000000000000e+00
5,-3.987109937793e-09
6,0.000000000000e+00
7,-7.401319921270e-09
8,-0.000000000000e+00
9,0.000000000000e+00
10,0.000000000000e+00
11,-7.966236521638e-09
12,0.000000000000e+00
13,-1.706952927854e-08
14,-0.000000000000e+00
15,0.000000000000e+00
16,-0.000000000000e+00
17,-1.193737975153e-08
18,0.000000000000e+00
19,-3.070546042829e-08
20,0.000000000000e+00
21,0.000000000000e+00
22,-0.000000000000e+00
23,-1.590053962749e-08
24,0.000000000000e+00
25,-4.830113001661e-08
26,0.000000000000e+00
27,0.000000000000e+00
28,-0.000000000000e+00
29,-1.985571614952e-08
30,0.000000000000e+00
31,-6.984855468956e-08
32,0.000000000000e+00
33,0.000000000000e+00
34,-0.000000000000e+00
35,-2.380290931762e-08
36,0.000000000000e+00
37,-9.533975109321e-08
38,0.000000000000e+00
39,0.000000000000e+00
40,-0.000000000000e+00
41,-2.774211913179e-08
42,0.000000000000e+00
43,-1.247667358736e-07
44,0.000000000000e+00
45,0.000000000000e+00
46,-0.000000000000e+00
47,-3.167334559203e-08
48,0.000000000000e+00
49,-1.581215256769e-07
50,0.000000000000e+00
51,0.000000000000e+00
52,-0.000000000000e+00
53,-3.559658869834e-08
54,0.000000000000e+00
55,-1.953961371491e-07
56,0.000000000000e+00
57,0.000000000000e+00
58,-0.000000000000e+00
59,-3.951184845072e-08
60,0.000000000000e+00
61,-2.365825869362e-07
62,0.000000000000e+00
63,0.000000000000e+00
64,-0.000000000000e+00
65,-4.341912484917e-08
66,0.000000000000e+00
67,-2.816728916844e-07
68,0.000000000000e+00
69,0.000000000000e+00
70,0.000000000000e+00
71,-4.731841789368e-08
72,0.000000000000e+00
73,-3.306590680397e-07
74,-0.000000000000e+00
75,0.000000000000e+00
76,-0.000000000000e+00
77,-5.120972758426e-08
78,0.000000000000e+00
79,-3.835331326540e-07
80,0.000000000000e+00
81,0.000000000000e+00
82,-0.000000000000e+00
83,-5.509305393473e-08
84,0.000000000000e+00
85,-4.402871021917e-07
86,0.000000000000e+00
87,0.000000000000e+00
88,-0.000000000000e+00
89,-5.896839695546e-08
90,0.000000000000e+00
91,-5.009129933231e-07
92,0.000000000000e+00
93,0.000000000000e+00
94,-0.000000000000e+00
95,-6.283575664647e-08
96,0.000000000000e+00
97,-5.654028227185e-07
98,0.000000000000e+00
99,0.000000000000e+00
100,-0.000000000000e+00
101,-6.669513300772e-08
102,0.000000000000e+00
103,-6.337486070481e-07
104,0.000000000000e+00
105,0.000000000000e+00
106,-0.000000000000e+00
107,-7.054652603925e-08
108,0.000000000000e+00
109,-7.059423629822e-07
110,0.000000000000e+00
111,0.000000000000e+00
112,-0.000000000000e+00
113,-7.438993574104e-08
114,0.000000000000e+00
115,-7.819761071910e-07
116,0.000000000000e+00
117,0.000000000000e+00
118,-0.000000000000e+00
119,-7.822536211313e-08
120,0.000000000000e+00
121,-8.618418563450e-07
122,0.000000000000e+00
123,0.000000000000e+00
124,-0.000000000000e+00
125,-8.205280515548e-08
126,0.000000000000e+00
127,-9.455316271142e-07
128,0.000000000000e+00
129,0.000000000000e+00
130,-0.000000000000e+00
131,-8.587226486816e-08
132,0.000000000000e+00
133,-1.033037436169e-06
134,0.000000000000e+00
135,0.000000000000e+00
136,-0.000000000000e+00
137,-8.968374125119e-08
138,0.000000000000e+00
139,-1.124351300180e-06
140,0.000000000000e+00
141,0.000000000000e+00
142,-0.000000000000e+00
143,-9.348723430459e-08
144,0.000000000000e+00
145,-1.219465235818e-06
146,0.000000000000e+00
147,0.000000000000e+00
148,-0.000000000000e+00
149,-9.728274402837e-08
150,0.000000000000e+00
151,-1.318371259752e-06
152,0.000000000000e+00
153,0.000000000000e+00
154,-0.000000000000e+00
155,-1.010702704226e-07
156,0.000000000000e+00
157,-1.421061388654e-06
158,0.000000000000e+00
159,0.000000000000e+00
160,-0.000000000000e+00
161,-1.048498134874e-07
162,0.000000000000e+00
163,-1.527527639193e-06
164,0.000000000000e+00
165,0.000000000000e+00
166,-0.000000000000e+00
167,-1.086213732226e-07
168,0.000000000000e+00
169,-1.637762028041e-06
170,0.000000000000e+00
171,0.000000000000e+00
172,-0.000000000000e+00
173,-1.123849496284e-07
174,0.000000000000e+00
175,-1.751756571867e-06
176,0.000000000000e+00
177,0.000000000000e+00
178,-0.000000000000e+00
179,-1.161405427047e-07
180,0.000000000000e+00
181,-1.869503287343e-06
182,0.000000000000e+00
183,0.000000000000e+00
184,-0.000000000000e+00
185,-1.198881524516e-07
186,0.000000000000e+00
187,-1.990994191139e-06
188,0.000000000000e+00
189,0.000000000000e+00
190,-0.000000000000e+00
191,-1.236277788692e-07
192,0.000000000000e+00
193,-2.116221299926e-06
194,0.000000000000e+00
195,0.000000000000e+00
196,-0.000000000000e+00
197,-1.273594219572e-07
198,0.000000000000e+00
199,-2.245176630374e-06
200,0.000000000000e+00
201,0.000000000000e+00
202,-0.000000000000e+00
203,-1.310830817158e-07
204,0.000000000000e+00
205,-2.377852199153e-06
206,0.000000000000e+00
207,0.000000000000e+00
208,-0.000000000000e+00
209,-1.347987581449e-07
210,0.000000000000e+00
211,-2.514240022935e-06
212,0.000000000000e+00
213,0.000000000000e+00
214,-0.000000000000e+00
215,-1.385064512449e-07
216,0.000000000000e+00
217,-2.654332118390e-06
218,0.000000000000e+00
219,0.000000000000e+00
220,-0.000000000000e+00
221,-1.422061610160e-07
222,0.000000000000e+00
223,-2.798120502190e-06
224,0.000000000000e+00
225,0.000000000000e+00
226,-0.000000000000e+00
227,-1.458978874581e-07
228,0.000000000000e+00
229,-2.945597191005e-06
230,0.000000000000e+00
231,0.000000000000e+00
232,-0.000000000000e+00
233,-1.495816305714e-07
234,0.000000000000e+00
235,-3.096754201507e-06
236,0.000000000000e+00
237,0.000000000000e+00
238,-0.000000000000e+00
239,-1.532573903559e-07
240,0.000000000000e+00
241,-3.251583550366e-06
242,0.000000000000e+00
243,0.000000000000e+00
244,-0.000000000000e+00
245,-1.569251668116e-07
246,0.000000000000e+00
247,-3.410077254255e-06
248,0.000000000000e+00
249,0.000000000000e+00
250,-0.000000000000e+00
251,-1.605849599384e-07
252,0.000000000000e+00
253,-3.572227329844e-06
254,0.000000000000e+00
255,0.000000000000e+00
256,-0.000000000000e+00
257,-1.642367697368e-07
258,0.000000000000e+00
259,-3.738025793805e-06
260,0.000000000000e+00
261,0.000000000000e+00
262,-0.000000000000e+00
263,-1.678805962070e-07
264,0.000000000000e+00
265,-3.907464662809e-06
266,0.000000000000e+00
267,0.000000000000e+00
268,-0.000000000000e+00
269,-1.715164393491e-07
270,0.000000000000e+00
271,-4.080535953530e-06
272,0.000000000000e+00
273,0.000000000000e+00
274,-0.000000000000e+00
275,-1.751442991632e-07
276,0.000000000000e+00
277,-4.257231682638e-06
278,0.000000000000e+00
279,0.000000000000e+00
280,-0.000000000000e+00
281,-1.787641756493e-07
282,0.000000000000e+00
283,-4.437543866807e-06
284,0.000000000000e+00
285,0.000000000000e+00
286,-0.000000000000e+00
287,-1.823760688074e-07
288,0.000000000000e+00
289,-4.621464522707e-06
290,0.000000000000e+00
291,0.000000000000e+00
292,-0.000000000000e+00
293,-1.859799786376e-07
294,0.000000000000e+00
295,-4.808985667011e-06
296,0.000000000000e+00
297,0.000000000000e+00
298,-0.000000000000e+00
299,-1.895759051395e-07
300,0.000000000000e+00
301,-5.000099316390e-06
302,0.000000000000e+00
303,0.000000000000e+00
304,-0.000000000000e+00
305,-1.931638483138e-07
306,0.000000000000e+00
307,-5.194797487519e-06
308,0.000000000000e+00
309,0.000000000000e+00
310,-0.000000000000e+00
311,-1.967438081610e-07
312,0.000000000000e+00
313,-5.393072197068e-06
314,0.000000000000e+00
315,0.000000000000e+00
316,-0.000000000000e+00
317,-2.003157846812e-07
318,0.000000000000e+00
319,-5.594915461712e-06
320,0.000000000000e+00
321,0.000000000000e+00
322,-0.000000000000e+00
323,-2.038797778745e-07
324,0.000000000000e+00
325,-5.800319298123e-06
326,0.000000000000e+00
327,0.000000000000e+00
328,-0.000000000000e+00
329,-2.074357877408e-07
330,0.000000000000e+00
331,-6.009275722975e-06
332,0.000000000000e+00
333,0.000000000000e+00
334,-0.000000000000e+00
335,-2.109838142803e-07
336,0.000000000000e+00
337,-6.221776752940e-06
338,0.000000000000e+00
339,0.000000000000e+00
340,-0.000000000000e+00
341,-2.145238574931e-07
342,0.000000000000e+00
343,-6.437814404693e-06
344,0.000000000000e+00
345,0.000000000000e+00
346,-0.000000000000e+00
347,-2.180559173790e-07
348,0.000000000000e+00
349,-6.657380694906e-06
350,0.000000000000e+00
351,0.000000000000e+00
352,-0.000000000000e+00
353,-2.215799939385e-07
354,0.000000000000e+00
355,-6.880467640253e-06
356,0.000000000000e+00
357,0.000000000000e+00
358,-0.000000000000e+00
359,-2.250960871723e-07
360,0.000000000000e+00
361,-7.107067257408e-06
362,0.000000000000e+00
363,0.000000000000e+00
364,-0.000000000000e+00
365,-2.286041970807e-07
366,0.000000000000e+00
367,-7.337171563047e-06
368,0.000000000000e+00
369,0.000000000000e+00
370,-0.000000000000e+00
371,-2.321043236638e-07
372,0.000000000000e+00
373,-7.570772573844e-06
374,0.000000000000e+00
375,0.000000000000e+00
376,-0.000000000000e+00
377,-2.355964669216e-07
378,0.000000000000e+00
379,-7.807862306474e-06
380,0.000000000000e+00
381,0.000000000000e+00
382,-0.000000000000e+00
383,-2.390806268544e-07
384,0.000000000000e+00
385,-8.048432777611e-06
386,0.000000000000e+00
387,0.000000000000e+00
388,-0.000000000000e+00
389,-2.425568034620e-07
390,0.000000000000e+00
391,-8.292476003931e-06
392,0.000000000000e+00
393,0.000000000000e+00
394,-0.000000000000e+00
395,-2.460249967444e-07
396,0.000000000000e+00
397,-8.539984002109e-06
398,0.000000000000e+00
399,0.000000000000e+00
400,-0.000000000000e+00
401,-2.494852067016e-07
402,0.000000000000e+00
403,-8.790948788818e-06
404,0.000000000000e+00
405,0.000000000000e+00
406,-0.000000000000e+00
407,-2.529374333339e-07
408,0.000000000000e+00
409,-9.045362380735e-06
410,0.000000000000e+00
411,0.000000000000e+00
412,-0.000000000000e+00
413,-2.563816766413e-07
414,0.000000000000e+00
415,-9.303216794534e-06
416,0.000000000000e+00
417,0.000000000000e+00
418,-0.000000000000e+00
419,-2.598179366240e-07
420,0.000000000000e+00
421,-9.564504046891e-06
422,0.000000000000e+00
423,0.000000000000e+00
424,-0.000000000000e+00
425,-2.632462132817e-07
426,0.000000000000e+00
427,-9.829216154481e-06
428,0.000000000000e+00
429,0.000000000000e+00
430,-0.000000000000e+00
431,-2.666665066142e-07
432,0.000000000000e+00
433,-1.009734513398e-05
434,0.000000000000e+00
435,0.000000000000e+00
436,-0.000000000000e+00
437,-2.700788166210e-07
438,0.000000000000e+00
439,-1.036888300206e-05
440,0.000000000000e+00
441,0.000000000000e+00
442,-0.000000000000e+00
443,-2.734831433021e-07
444,0.000000000000e+00
445,-1.064382177539e-05
446,0.000000000000e+00
447,0.000000000000e+00
448,-0.000000000000e+00
449,-2.768794866572e-07
450,0.000000000000e+00
451,-1.092215347065e-05
452,0.000000000000e+00
453,0.000000000000e+00
454,-0.000000000000e+00
455,-2.802678466866e-07
456,0.000000000000e+00
457,-1.120387010452e-05
458,0.000000000000e+00
459,0.000000000000e+00
460,-0.000000000000e+00
461,-2.836482233904e-07
462,0.000000000000e+00
463,-1.148896369367e-05
464,0.000000000000e+00
465,0.000000000000e+00
466,-0.000000000000e+00
467,-2.870206167690e-07
468,0.000000000000e+00
469,-1.177742625477e-05
470,0.000000000000e+00
471,0.000000000000e+00
472,-0.000000000000e+00
473,-2.903850268222e-07
474,0.000000000000e+00
475,-1.206924980450e-05
476,0.000000000000e+00
477,0.000000000000e+00
478,-0.000000000000e+00
479,-2.937414535501e-07
480,0.000000000000e+00
481,-1.236442635953e-05
482,0.000000000000e+00
483,0.000000000000e+00
484,-0.000000000000e+00
485,-2.970898969530e-07
486,0.000000000000e+00
487,-1.266294793654e-05
488,0.000000000000e+00
489,0.000000000000e+00
490,-0.000000000000e+00
491,-3.004303570310e-07
492,0.000000000000e+00
493,-1.296480655220e-05
494,0.000000000000e+00
495,0.000000000000e+00
496,-0.000000000000e+00
497,-3.037628337835e-07
498,0.000000000000e+00
499,-1.326999422319e-05
500,0.000000000000e+00
501,0.000000000000e+00
502,-0.000000000000e+00
503,-3.070873272105e-07
504,0.000000000000e+00
505,-1.357850296618e-05
506,0.000000000000e+00
507,0.000000000000e+00
508,-0.000000000000e+00
509,-3.104038373115e-07
510,0.000000000000e+00
511,-1.389032479785e-05
512,0.000000000000e+00
513,0.000000000000e+00
514,-0.000000000000e+00
515,-3.137123640865e-07
516,0.000000000000e+00
517,-1.420545173486e-05
518,0.000000000000e+00
519,0.000000000000e+00
520,-0.000000000000e+00
521,-3.170129075342e-07
522,0.000000000000e+00
523,-1.452387579390e-05
524,0.000000000000e+00
525,0.000000000000e+00
526,-0.000000000000e+00
527,-3.203054676548e-07
528,0.000000000000e+00
529,-1.484558899163e-05
530,0.000000000000e+00
531,0.000000000000e+00
532,-0.000000000000e+00
533,-3.235900444482e-07
534,0.000000000000e+00
535,-1.517058334473e-05
536,0.000000000000e+00
537,0.000000000000e+00
538,-0.000000000000e+00
539,-3.268666379143e-07
540,0.000000000000e+00
541,-1.549885086987e-05
542,0.000000000000e+00
543,0.000000000000e+00
544,-0.000000000000e+00
545,-3.301352480532e-07
546,0.000000000000e+00
547,-1.583038358372e-05
548,0.000000000000e+00
549,0.000000000000e+00
550,-0.000000000000e+00
551,-3.333958748640e-07
552,0.000000000000e+00
553,-1.616517350296e-05
554,0.000000000000e+00
555,0.000000000000e+00
556,-0.000000000000e+00
557,-3.366485183468e-07
558,0.000000000000e+00
559,-1.650321264425e-05
560,0.000000000000e+00
561,0.000000000000e+00
562,-0.000000000000e+00
563,-3.398931785017e-07
564,0.000000000000e+00
565,-1.684449302427e-05
566,0.000000000000e+00
567,0.000000000000e+00
568,-0.000000000000e+00
569,-3.431298553285e-07
570,0.000000000000e+00
571,-1.718900665969e-05
572,0.000000000000e+00
573,0.000000000000e+00
574,-0.000000000000e+00
575,-3.463585488274e-07
576,0.000000000000e+00
577,-1.753674556719e-05
578,0.000000000000e+00
579,0.000000000000e+00
580,-0.000000000000e+00
581,-3.495792589982e-07
582,0.000000000000e+00
583,-1.788770176343e-05
584,0.000000000000e+00
585,0.000000000000e+00
586,-0.000000000000e+00
587,-3.527919858413e-07
588,0.000000000000e+00
589,-1.824186726508e-05
590,0.000000000000e+00
591,0.000000000000e+00
592,-0.000000000000e+00
593,-3.559967293562e-07
594,0.000000000000e+00
595,-1.859923408883e-05
596,0.000000000000e+00
597,0.000000000000e+00
598,-0.000000000000e+00
599,-3.591934895443e-07
600,0.000000000000e+00
601,-1.895979425134e-05
602,0.000000000000e+00
603,0.000000000000e+00
604,-0.000000000000e+00
605,-3.623822664058e-07
606,0.000000000000e+00
607,-1.932353976928e-05
608,0.000000000000e+00
609,0.000000000000e+00
610,-0.000000000000e+00
611,-3.655630599407e-07
612,0.000000000000e+00
613,-1.969046265933e-05
614,0.000000000000e+00
615,0.000000000000e+00
616,-0.000000000000e+00
617,-3.687358701482e-07
618,0.000000000000e+00
619,-2.006055493816e-05
620,0.000000000000e+00
621,0.000000000000e+00
622,-0.000000000000e+00
623,-3.719006970280e-07
624,0.000000000000e+00
625,-2.043380862245e-05
626,0.000000000000e+00
627,0.000000000000e+00
628,-0.000000000000e+00
629,-3.750575405803e-07
630,0.000000000000e+00
631,-2.081021572887e-05
632,0.000000000000e+00
633,0.000000000000e+00
634,-0.000000000000e+00
635,-3.782064008051e-07
636,0.000000000000e+00
637,-2.118976827408e-05
638,0.000000000000e+00
639,0.000000000000e+00
640,-0.000000000000e+00
641,-3.813472777020e-07
642,0.000000000000e+00
643,-2.157245827476e-05
644,0.000000000000e+00
645,0.000000000000e+00
646,-0.000000000000e+00
647,-3.844801712707e-07
648,0.000000000000e+00
649,-2.195827774759e-05
650,0.000000000000e+00
651,0.000000000000e+00
652,-0.000000000000e+00
653,-3.876050815113e-07
654,0.000000000000e+00
655,-2.234721870923e-05
656,0.000000000000e+00
657,0.000000000000e+00
658,-0.000000000000e+00
659,-3.907220084243e-07
660,0.000000000000e+00
661,-2.273927317635e-05
662,0.000000000000e+00
663,0.000000000000e+00
664,-0.000000000000e+00
665,-3.938309520095e-07
666,0.000000000000e+00
667,-2.313443316564e-05
668,0.000000000000e+00
669,0.000000000000e+00
670,-0.000000000000e+00
671,-3.969319122672e-07
672,0.000000000000e+00
673,-2.353269069375e-05
674,0.000000000000e+00
675,0.000000000000e+00
676,-0.000000000000e+00
677,-4.000248891975e-07
678,0.000000000000e+00
679,-2.393403777738e-05
680,0.000000000000e+00
681,0.000000000000e+00
682,-0.000000000000e+00
683,-4.031098828003e-07
684,0.000000000000e+00
685,-2.433846643317e-05
686,0.000000000000e+00
687,0.000000000000e+00
688,-0.000000000000e+00
689,-4.061868930754e-07
690,0.000000000000e+00
691,-2.474596867782e-05
692,0.000000000000e+00
693,0.000000000000e+00
694,-0.000000000000e+00
695,-4.092559200228e-07
696,0.000000000000e+00
697,-2.515653652799e-05
698,0.000000000000e+00
699,0.000000000000e+00
700,-0.000000000000e+00
701,-4.123169636425e-07
702,0.000000000000e+00
703,-2.557016200035e-05
704,0.000000000000e+00
705,0.000000000000e+00
706,-0.000000000000e+00
707,-4.153700239344e-07
708,0.000000000000e+00
709,-2.598683711158e-05
710,0.000000000000e+00
711,0.000000000000e+00
712,-0.000000000000e+00
713,-4.184151008983e-07
714,0.000000000000e+00
715,-2.640655387834e-05
716,0.000000000000e+00
717,0.000000000000e+00
718,-0.000000000000e+00
719,-4.214521945349e-07
720,0.000000000000e+00
721,-2.682930431732e-05
722,0.000000000000e+00
723,0.000000000000e+00
724,-0.000000000000e+00
725,-4.244813048428e-07
726,0.000000000000e+00
727,-2.725508044517e-05
728,0.000000000000e+00
729,0.000000000000e+00
730,-0.000000000000e+00
731,-4.275024318219e-07
732,0.000000000000e+00
733,-2.768387427858e-05
734,0.000000000000e+00
735,0.000000000000e+00
736,-0.000000000000e+00
737,-4.305155754729e-07
738,0.000000000000e+00
739,-2.811567783422e-05
740,0.000000000000e+00
741,0.000000000000e+00
742,-0.000000000000e+00
743,-4.335207357959e-07
744,0.000000000000e+00
745,-2.855048312875e-05
746,0.000000000000e+00
747,0.000000000000e+00
748,-0.000000000000e+00
749,-4.365179127906e-07
750,0.000000000000e+00
751,-2.898828217885e-05
752,0.000000000000e+00
753,0.000000000000e+00
754,-0.000000000000e+00
755,-4.395071064580e-07
756,0.000000000000e+00
757,-2.942906700119e-05
758,0.000000000000e+00
759,0.000000000000e+00
760,-0.000000000000e+00
761,-4.424883167975e-07
762,0.000000000000e+00
763,-2.987282961244e-05
764,0.000000000000e+00
765,0.000000000000e+00
766,-0.000000000000e+00
767,-4.454615438086e-07
768,0.000000000000e+00
769,-3.031956202928e-05
770,0.000000000000e+00
771,0.000000000000e+00
772,-0.000000000000e+00
773,-4.484267874913e-07
774,0.000000000000e+00
775,-3.076925626837e-05
776,0.000000000000e+00
777,0.000000000000e+00
778,-0.000000000000e+00
779,-4.513840478456e-07
780,0.000000000000e+00
781,-3.122190434640e-05
782,0.000000000000e+00
783,0.000000000000e+00
784,-0.000000000000e+00
785,-4.543333248717e-07
786,0.000000000000e+00
787,-3.167749828002e-05
788,0.000000000000e+00
789,0.000000000000e+00
790,-0.000000000000e+00
791,-4.572746185694e-07
792,0.000000000000e+00
793,-3.213603008591e-05
794,0.000000000000e+00
795,0.000000000000e+00
796,-0.000000000000e+00
797,-4.602079289383e-07
798,0.000000000000e+00
799,-3.259749178075e-05
800,0.000000000000e+00
801,0.000000000000e+00
802,-0.000000000000e+00
803,-4.631332559786e-07
804,0.000000000000e+00
805,-3.306187538119e-05
806,0.000000000000e+00
807,0.000000000000e+00
808,-0.000000000000e+00
809,-4.660505996894e-07
810,0.000000000000e+00
811,-3.352917290393e-05
812,0.000000000000e+00
813,0.000000000000e+00
814,-0.000000000000e+00
815,-4.689599600707e-07
816,0.000000000000e+00
817,-3.399937636561e-05
818,0.000000000000e+00
819,0.000000000000e+00
820,-0.000000000000e+00
821,-4.718613371222e-07
822,0.000000000000e+00
823,-3.447247778293e-05
824,0.000000000000e+00
825,0.000000000000e+00
826,-0.000000000000e+00
827,-4.747547308448e-07
828,0.000000000000e+00
829,-3.494846917253e-05
830,0.000000000000e+00
831,0.000000000000e+00
832,-0.000000000000e+00
833,-4.776401412371e-07
834,0.000000000000e+00
835,-3.542734255110e-05
836,0.000000000000e+00
837,0.000000000000e+00
838,-0.000000000000e+00
839,-4.805175682987e-07
840,0.000000000000e+00
841,-3.590908993531e-05
842,0.000000000000e+00
843,0.000000000000e+00
844,-0.000000000000e+00
845,-4.833870120298e-07
846,0.000000000000e+00
847,-3.639370334182e-05
848,0.000000000000e+00
849,0.000000000000e+00
850,-0.000000000000e+00
851,-4.862484724295e-07
852,0.000000000000e+00
853,-3.688117478730e-05
854,0.000000000000e+00
855,0.000000000000e+00
856,-0.000000000000e+00
857,-4.891019494978e-07
858,0.000000000000e+00
859,-3.737149628842e-05
860,0.000000000000e+00
861,0.000000000000e+00
862,-0.000000000000e+00
863,-4.919474432343e-07
864,0.000000000000e+00
865,-3.786465986185e-05
866,0.000000000000e+00
867,0.000000000000e+00
868,-0.000000000000e+00
869,-4.947849536388e-07
870,0.000000000000e+00
871,-3.836065752426e-05
872,0.000000000000e+00
873,0.000000000000e+00
874,-0.000000000000e+00
875,-4.976144807115e-07
876,0.000000000000e+00
877,-3.885948129231e-05
878,0.000000000000e+00
879,0.000000000000e+00
880,-0.000000000000e+00
881,-5.004360244541e-07
882,0.000000000000e+00
883,-3.936112318268e-05
884,0.000000000000e+00
885,0.000000000000e+00
886,-0.000000000000e+00
887,-5.032495848666e-07
888,0.000000000000e+00
889,-3.986557521203e-05
890,0.000000000000e+00
891,0.000000000000e+00
892,-0.000000000000e+00
893,-5.060551619495e-07
894,0.000000000000e+00
895,-4.037282939704e-05
896,0.000000000000e+00
897,0.000000000000e+00
898,-0.000000000000e+00
899,-5.088527557029e-07
900,0.000000000000e+00
901,-4.088287775438e-05
902,0.000000000000e+00
903,0.000000000000e+00
904,-0.000000000000e+00
905,-5.116423661258e-07
906,0.000000000000e+00
907,-4.139571230071e-05
908,0.000000000000e+00
909,0.000000000000e+00
910,-0.000000000000e+00
911,-5.144239932192e-07
912,0.000000000000e+00
913,-4.191132505271e-05
914,0.000000000000e+00
915,0.000000000000e+00
916,-0.000000000000e+00
917,-5.171976369837e-07
918,0.000000000000e+00
919,-4.242970802704e-05
920,0.000000000000e+00
921,0.000000000000e+00
922,-0.000000000000e+00
923,-5.199632974181e-07
924,0.000000000000e+00
925,-4.295085324039e-05
926,0.000000000000e+00
927,0.000000000000e+00
928,-0.000000000000e+00
929,-5.227209745218e-07
930,0.000000000000e+00
931,-4.347475270941e-05
932,0.000000000000e+00
933,0.000000000000e+00
934,-0.000000000000e+00
935,-5.254706682955e-07
936,0.000000000000e+00
937,-4.400139845077e-05
938,0.000000000000e+00
939,0.000000000000e+00
940,-0.000000000000e+00
941,-5.282123787385e-07
942,0.000000000000e+00
943,-4.453078248115e-05
944,0.000000000000e+00
945,0.000000000000e+00
946,-0.000000000000e+00
947,-5.309461058502e-07
948,0.000000000000e+00
949,-4.506289681722e-05
950,0.000000000000e+00
951,0.000000000000e+00
952,-0.000000000000e+00
953,-5.336718496307e-07
954,0.000000000000e+00
955,-4.559773347563e-05
956,0.000000000000e+00
957,0.000000000000e+00
958,-0.000000000000e+00
959,-5.363896100808e-07
960,0.000000000000e+00
961,-4.613528447307e-05
962,0.000000000000e+00
963,0.000000000000e+00
964,-0.000000000000e+00
965,-5.390993872006e-07
966,0.000000000000e+00
967,-4.667554182621e-05
968,0.000000000000e+00
969,0.000000000000e+00
970,-0.000000000000e+00
971,-5.418011809913e-07
972,0.000000000000e+00
973,-4.721849755170e-05
974,0.000000000000e+00
975,0.000000000000e+00
976,-0.000000000000e+00
977,-5.444949914514e-07
978,0.000000000000e+00
979,-4.776414366623e-05
980,0.000000000000e+00
981,0.000000000000e+00
982,-0.000000000000e+00
983,-5.471808185803e-07
984,0.000000000000e+00
985,-4.831247218646e-05
986,0.000000000000e+00
987,0.000000000000e+00
988,-0.000000000000e+00
989,-5.498586623764e-07
990,0.000000000000e+00
991,-4.886347512906e-05
992,0.000000000000e+00
993,0.000000000000e+00
994,-0.000000000000e+00
995,-5.525285228394e-07
996,0.000000000000e+00
997,-4.941714451069e-05
998,0.000000000000e+00
999,0.000000000000e+00
1000,-0.000000000000e+00
1001,-5.551903999684e-07
1002,0.000000000000e+00
1003,-4.997347234802e-05
1004,0.000000000000e+00
1005,0.000000000000e+00
1006,-0.000000000000e+00
1007,-5.578442937638e-07
1008,0.000000000000e+00
1009,-5.053245065772e-05
1010,0.000000000000e+00
1011,0.000000000000e+00
1012,-0.000000000000e+00
1013,-5.604902042274e-07
1014,0.000000000000e+00
1015,-5.109407145646e-05
1016,0.000000000000e+00
1017,0.000000000000e+00
1018,-0.000000000000e+00
1019,-5.631281313600e-07
1020,0.000000000000e+00
1021,-5.165832676090e-05
1022,0.000000000000e+00
1023,0.000000000000e+00
1024,-0.000000000000e+00
1025,-5.657580751615e-07
1026,0.000000000000e+00
1027,-5.222520858771e-05
1028,0.000000000000e+00
1029,0.000000000000e+00
1030,-0.000000000000e+00
1031,-5.683800356335e-07
1032,0.000000000000e+00
1033,-5.279470895357e-05
1034,0.000000000000e+00
1035,0.000000000000e+00
1036,-0.000000000000e+00
1037,-5.709940127758e-07
1038,0.000000000000e+00
1039,-5.336681987515e-05
1040,0.000000000000e+00
1041,0.000000000000e+00
1042,-0.000000000000e+00
1043,-5.736000065900e-07
1044,0.000000000000e+00
1045,-5.394153336912e-05
1046,0.000000000000e+00
1047,0.000000000000e+00
1048,-0.000000000000e+00
1049,-5.761980170774e-07
1050,0.000000000000e+00
1051,-5.451884145214e-05
1052,0.000000000000e+00
1053,0.000000000000e+00
1054,-0.000000000000e+00
1055,-5.787880442375e-07
1056,0.000000000000e+00
1057,-5.509873614090e-05
1058,0.000000000000e+00
1059,0.000000000000e+00
1060,-0.000000000000e+00
1061,-5.813700880685e-07
1062,0.000000000000e+00
1063,-5.568120945206e-05
1064,0.000000000000e+00
1065,0.000000000000e+00
1066,-0.000000000000e+00
1067,-5.839441485689e-07
1068,0.000000000000e+00
1069,-5.626625340230e-05
1070,0.000000000000e+00
1071,0.000000000000e+00
1072,-0.000000000000e+00
1073,-5.865102257377e-07
1074,0.000000000000e+00
1075,-5.685386000827e-05
1076,0.000000000000e+00
1077,0.000000000000e+00
1078,-0.000000000000e+00
1079,-5.890683195736e-07
1080,0.000000000000e+00
1081,-5.744402128666e-05
1082,0.000000000000e+00
1083,0.000000000000e+00
1084,-0.000000000000e+00
1085,-5.916184300757e-07
1086,0.000000000000e+00
1087,-5.803672925411e-05
1088,0.000000000000e+00
1089,0.000000000000e+00
1090,-0.000000000000e+00
1091,-5.941605572435e-07
1092,0.000000000000e+00
1093,-5.863197592731e-05
1094,0.000000000000e+00
1095,0.000000000000e+00
1096,-0.000000000000e+00
1097,-5.966947010761e-07
1098,0.000000000000e+00
1099,-5.922975332290e-05
1100,0.000000000000e+00
1101,0.000000000000e+00
1102,-0.000000000000e+00
1103,-5.992208615722e-07
1104,0.000000000000e+00
1105,-5.983005345757e-05
1106,0.000000000000e+00
1107,0.000000000000e+00
1108,-0.000000000000e+00
1109,-6.017390387323e-07
1110,0.000000000000e+00
1111,-6.043286834796e-05
1112,0.000000000000e+00
1113,0.000000000000e+00
1114,-0.000000000000e+00
1115,-6.042492325547e-07
1116,0.000000000000e+00
1117,-6.103819001075e-05
1118,0.000000000000e+00
1119,0.000000000000e+00
1120,-0.000000000000e+00
1121,-6.067514430396e-07
1122,0.000000000000e+00
1123,-6.164601046259e-05
1124,0.000000000000e+00
1125,0.000000000000e+00
1126,-0.000000000000e+00
1127,-6.092456701867e-07
1128,0.000000000000e+00
1129,-6.225632172014e-05
1130,0.000000000000e+00
1131,0.000000000000e+00
1132,-0.000000000000e+00
1133,-6.117319139962e-07
1134,0.000000000000e+00
1135,-6.286911580008e-05
1136,0.000000000000e+00
1137,0.000000000000e+00
1138,-0.000000000000e+00
1139,-6.142101744670e-07
1140,0.000000000000e+00
1141,-6.348438471905e-05
1142,0.000000000000e+00
1143,0.000000000000e+00
1144,-0.000000000000e+00
1145,-6.166804515989e-07
1146,0.000000000000e+00
1147,-6.410212049373e-05
1148,0.000000000000e+00
1149,0.000000000000e+00
1150,-0.000000000000e+00
1151,-6.191427453908e-07
1152,0.000000000000e+00
1153,-6.472231514076e-05
1154,0.000000000000e+00
1155,0.000000000000e+00
1156,-0.000000000000e+00
1157,-6.215970558444e-07
1158,0.000000000000e+00
1159,-6.534496067682e-05
1160,0.000000000000e+00
1161,0.000000000000e+00
1162,-0.000000000000e+00
1163,-6.240433829592e-07
1164,0.000000000000e+00
1165,-6.597004911857e-05
1166,0.000000000000e+00
1167,0.000000000000e+00
1168,-0.000000000000e+00
1169,-6.264817267362e-07
1170,0.000000000000e+00
1171,-6.659757248266e-05
1172,0.000000000000e+00
1173,0.000000000000e+00
1174,-0.000000000000e+00
1175,-6.289120871766e-07
1176,0.000000000000e+00
1177,-6.722752278576e-05
1178,0.000000000000e+00
1179,0.000000000000e+00
1180,-0.000000000000e+00
1181,-6.313344642828e-07
1182,0.000000000000e+00
1183,-6.785989204454e-05
1184,0.000000000000e+00
1185,0.000000000000e+00
1186,-0.000000000000e+00
1187,-6.337488580557e-07
1188,0.000000000000e+00
1189,-6.849467227566e-05
1190,0.000000000000e+00
1191,0.000000000000e+00
1192,-0.000000000000e+00
1193,-6.361552684958e-07
1194,0.000000000000e+00
1195,-6.913185549580e-05
1196,0.000000000000e+00
1197,0.000000000000e+00
1198,-0.000000000000e+00
1199,-6.385536956053e-07
1200,0.000000000000e+00
1201,-6.977143372162e-05
1202,0.000000000000e+00
1203,0.000000000000e+00
1204,-0.000000000000e+00
1205,-6.409441393834e-07
1206,0.000000000000e+00
1207,-7.041339896979e-05
1208,0.000000000000e+00
1209,0.000000000000e+00
1210,-0.000000000000e+00
1211,-6.433265998310e-07
1212,0.000000000000e+00
1213,-7.105774325698e-05
1214,0.000000000000e+00
1215,0.000000000000e+00
1216,-0.000000000000e+00
1217,-6.457010769485e-07
1218,0.000000000000e+00
1219,-7.170445859986e-05
1220,0.000000000000e+00
1221,0.000000000000e+00
1222,-0.000000000000e+00
1223,-6.480675707373e-07
1224,0.000000000000e+00
1225,-7.235353701510e-05
1226,0.000000000000e+00
1227,0.000000000000e+00
1228,-0.000000000000e+00
1229,-6.504260811961e-07
1230,0.000000000000e+00
1231,-7.300497051937e-05
1232,0.000000000000e+00
1233,0.000000000000e+00
1234,-0.000000000000e+00
1235,-6.527766083235e-07
1236,0.000000000000e+00
1237,-7.365875112935e-05
1238,0.000000000000e+00
1239,0.000000000000e+00
1240,-0.000000000000e+00
1241,-6.551191521187e-07
1242,0.000000000000e+00
1243,-7.431487086168e-05
1244,0.000000000000e+00
1245,0.000000000000e+00
1246,-0.000000000000e+00
1247,-6.574537125800e-07
1248,0.000000000000e+00
1249,-7.497332173306e-05
1250,0.000000000000e+00
1251,0.000000000000e+00
1252,-0.000000000000e+00
1253,-6.597802897068e-07
1254,0.000000000000e+00
1255,-7.563409576013e-05
1256,0.000000000000e+00
1257,0.000000000000e+00
1258,-0.000000000000e+00
1259,-6.620988834993e-07
1260,0.000000000000e+00
1261,-7.629718495956e-05
1262,0.000000000000e+00
1263,0.000000000000e+00
1264,-0.000000000000e+00
1265,-6.644094939567e-07
1266,0.000000000000e+00
1267,-7.696258134802e-05
1268,0.000000000000e+00
1269,0.000000000000e+00
1270,-0.000000000000e+00
1271,-6.667121210759e-07
1272,0.000000000000e+00
1273,-7.763027694216e-05
1274,0.000000000000e+00
1275,0.000000000000e+00
1276,-0.000000000000e+00
1277,-6.690067648576e-07
1278,0.000000000000e+00
1279,-7.830026375866e-05
1280,0.000000000000e+00
1281,0.000000000000e+00
1282,-0.000000000000e+00
1283,-6.712934252990e-07
1284,0.000000000000e+00
1285,-7.897253381417e-05
1286,0.000000000000e+00
1287,0.000000000000e+00
1288,-0.000000000000e+00
1289,-6.735721024012e-07
1290,0.000000000000e+00
1291,-7.964707912535e-05
1292,0.000000000000e+00
1293,0.000000000000e+00
1294,-0.000000000000e+00
1295,-6.758427961652e-07
1296,0.000000000000e+00
1297,-8.032389170886e-05
1298,0.000000000000e+00
1299,0.000000000000e+00
1300,-0.000000000000e+00
1301,-6.781055065928e-07
1302,0.000000000000e+00
1303,-8.100296358138e-05
1304,0.000000000000e+00
1305,0.000000000000e+00
1306,-0.000000000000e+00
1307,-6.803602336810e-07
1308,0.000000000000e+00
1309,-8.168428675954e-05
1310,0.000000000000e+00
1311,0.000000000000e+00
1312,-0.000000000000e+00
1313,-6.826069774313e-07
1314,0.000000000000e+00
1315,-8.236785326003e-05
1316,0.000000000000e+00
1317,0.000000000000e+00
1318,-0.000000000000e+00
1319,-6.848457378426e-07
1320,0.000000000000e+00
1321,-8.305365509950e-05
1322,0.000000000000e+00
1323,0.000000000000e+00
1324,-0.000000000000e+00
1325,-6.870765149158e-07
1326,0.000000000000e+00
1327,-8.374168429461e-05
1328,0.000000000000e+00
1329,0.000000000000e+00
1330,-0.000000000000e+00
1331,-6.892993086518e-07
1332,0.000000000000e+00
1333,-8.443193286203e-05
1334,0.000000000000e+00
1335,0.000000000000e+00
1336,-0.000000000000e+00
1337,-6.915141190494e-07
1338,0.000000000000e+00
1339,-8.512439281841e-05
1340,0.000000000000e+00
1341,0.000000000000e+00
1342,-0.000000000000e+00
1343,-6.937209461065e-07
1344,0.000000000000e+00
1345,-8.581905618042e-05
1346,0.000000000000e+00
1347,0.000000000000e+00
1348,-0.000000000000e+00
1349,-6.959197898296e-07
1350,0.000000000000e+00
1351,-8.651591496472e-05
1352,0.000000000000e+00
1353,0.000000000000e+00
1354,-0.000000000000e+00
1355,-6.981106502166e-07
1356,0.000000000000e+00
1357,-8.721496118798e-05
1358,0.000000000000e+00
1359,0.000000000000e+00
1360,-0.000000000000e+00
1361,-7.002935272690e-07
1362,0.000000000000e+00
1363,-8.791618686687e-05
1364,0.000000000000e+00
1365,0.000000000000e+00
1366,-0.000000000000e+00
1367,-7.024684209854e-07
1368,0.000000000000e+00
1369,-8.861958401804e-05
1370,0.000000000000e+00
1371,0.000000000000e+00
1372,-0.000000000000e+00
1373,-7.046353313661e-07
1374,0.000000000000e+00
1375,-8.932514465816e-05
1376,0.000000000000e+00
1377,0.000000000000e+00
1378,-0.000000000000e+00
1379,-7.067942584084e-07
1380,0.000000000000e+00
1381,-9.003286080389e-05
1382,0.000000000000e+00
1383,0.000000000000e+00
1384,-0.000000000000e+00
1385,-7.089452021122e-07
1386,0.000000000000e+00
1387,-9.074272447190e-05
1388,0.000000000000e+00
1389,0.000000000000e+00
1390,-0.000000000000e+00
1391,-7.110881624781e-07
1392,0.000000000000e+00
1393,-9.145472767884e-05
1394,0.000000000000e+00
1395,0.000000000000e+00
1396,-0.000000000000e+00
1397,-7.132231395073e-07
1398,0.000000000000e+00
1399,-9.216886244138e-05
1400,0.000000000000e+00
1401,0.000000000000e+00
1402,-0.000000000000e+00
1403,-7.153501332014e-07
1404,0.000000000000e+00
1405,-9.288512077619e-05
1406,0.000000000000e+00
1407,0.000000000000e+00
1408,-0.000000000000e+00
1409,-7.174691435630e-07
1410,0.000000000000e+00
1411,-9.360349469993e-05
1412,0.000000000000e+00
1413,0.000000000000e+00
1414,-0.000000000000e+00
1415,-7.195801705918e-07
1416,0.000000000000e+00
1417,-9.432397622927e-05
1418,0.000000000000e+00
1419,0.000000000000e+00
1420,-0.000000000000e+00
1421,-7.216832142865e-07
1422,0.000000000000e+00
1423,-9.504655738088e-05
1424,0.000000000000e+00
1425,0.000000000000e+00
1426,-0.000000000000e+00
1427,-7.237782746467e-07
1428,0.000000000000e+00
1429,-9.577123017142e-05
1430,0.000000000000e+00
1431,0.000000000000e+00
1432,-0.000000000000e+00
1433,-7.258653516722e-07
1434,0.000000000000e+00
1435,-9.649798661755e-05
1436,0.000000000000e+00
1437,0.000000000000e+00
1438,-0.000000000000e+00
1439,-7.279444453662e-07
1440,0.000000000000e+00
1441,-9.722681873595e-05
1442,0.000000000000e+00
1443,0.000000000000e+00
1444,-0.000000000000e+00
1445,-7.300155557302e-07
1446,0.000000000000e+00
1447,-9.795771854329e-05
1448,0.000000000000e+00
1449,0.000000000000e+00
1450,-0.000000000000e+00
1451,-7.320786827651e-07
1452,0.000000000000e+00
1453,-9.869067805624e-05
1454,0.000000000000e+00
1455,0.000000000000e+00
1456,-0.000000000000e+00
1457,-7.341338264707e-07
1458,0.000000000000e+00
1459,-9.942568929147e-05
1460,0.000000000000e+00
1461,0.000000000000e+00
1462,-0.000000000000e+00
1463,-7.361809868467e-07
1464,0.000000000000e+00
1465,-1.001627442656e-04
1466,0.000000000000e+00
1467,0.000000000000e+00
1468,-0.000000000000e+00
1469,-7.382201638948e-07
1470,0.000000000000e+00
1471,-1.009018349954e-04
1472,0.000000000000e+00
1473,0.000000000000e+00
1474,-0.000000000000e+00
1475,-7.402513576168e-07
1476,0.000000000000e+00
1477,-1.016429534975e-04
1478,0.000000000000e+00
1479,0.000000000000e+00
1480,-0.000000000000e+00
1481,-7.422745680135e-07
1482,0.000000000000e+00
1483,-1.023860917886e-04
1484,0.000000000000e+00
1485,0.000000000000e+00
1486,-0.000000000000e+00
1487,-7.442897950861e-07
1488,0.000000000000e+00
1489,-1.031312418853e-04
1490,0.000000000000e+00
1491,0.000000000000e+00
1492,-0.000000000000e+00
1493,-7.462970388362e-07
1494,0.000000000000e+00
1495,-1.038783958044e-04
1496,0.000000000000e+00
1497,0.000000000000e+00
1498,-0.000000000000e+00
1499,-7.482962992594e-07
1500,0.000000000000e+00
1501,-1.046275455624e-04
1502,0.000000000000e+00
1503,0.000000000000e+00
1504,-0.000000000000e+00
1505,-7.502875763596e-07
1506,0.000000000000e+00
1507,-1.053786831761e-04
1508,0.000000000000e+00
1509,0.000000000000e+00
1510,-0.000000000000e+00
1511,-7.522708701404e-07
1512,0.000000000000e+00
1513,-1.061318006622e-04
1514,0.000000000000e+00
1515,0.000000000000e+00
1516,-0.000000000000e+00
1517,-7.542461806012e-07
1518,0.000000000000e+00
1519,-1.068868900373e-04
1520,0.000000000000e+00
1521,0.000000000000e+00
1522,-0.000000000000e+00
1523,-7.562135077438e-07
1524,0.000000000000e+00
1525,-1.076439433181e-04
1526,0.000000000000e+00
1527,0.000000000000e+00
1528,-0.000000000000e+00
1529,-7.581728515676e-07
1530,0.000000000000e+00
1531,-1.084029525214e-04
1532,0.000000000000e+00
1533,0.000000000000e+00
1534,-0.000000000000e+00
1535,-7.601242120726e-07
1536,0.000000000000e+00
1537,-1.091639096637e-04
1538,0.000000000000e+00
1539,0.000000000000e+00
1540,-0.000000000000e+00
1541,-7.620675892584e-07
1542,0.000000000000e+00
1543,-1.099268067618e-04
1544,0.000000000000e+00
1545,0.000000000000e+00
1546,-0.000000000000e+00
1547,-7.640029831244e-07
1548,0.000000000000e+00
1549,-1.106916358323e-04
1550,0.000000000000e+00
1551,0.000000000000e+00
1552,-0.000000000000e+00
1553,-7.659303936709e-07
1554,0.000000000000e+00
1555,-1.114583888919e-04
1556,0.000000000000e+00
1557,0.000000000000e+00
1558,-0.000000000000e+00
1559,-7.678498208977e-07
1560,0.000000000000e+00
1561,-1.122270579574e-04
1562,0.000000000000e+00
1563,0.000000000000e+00
1564,-0.000000000000e+00
1565,-7.697612648030e-07
1566,0.000000000000e+00
1567,-1.129976350453e-04
1568,0.000000000000e+00
1569,0.000000000000e+00
1570,-0.000000000000e+00
1571,-7.716647253879e-07
1572,0.000000000000e+00
1573,-1.137701121724e-04
1574,0.000000000000e+00
1575,0.000000000000e+00
1576,-0.000000000000e+00
1577,-7.735602026458e-07
1578,0.000000000000e+00
1579,-1.145444813553e-04
1580,0.000000000000e+00
1581,0.000000000000e+00
1582,-0.000000000000e+00
1583,-7.754476965760e-07
1584,0.000000000000e+00
1585,-1.153207346108e-04
1586,0.000000000000e+00
1587,0.000000000000e+00
1588,-0.000000000000e+00
1589,-7.773272071776e-07
1590,0.000000000000e+00
1591,-1.160988639554e-04
1592,0.000000000000e+00
1593,0.000000000000e+00
1594,-0.000000000000e+00
1595,-7.791987344510e-07
1596,0.000000000000e+00
1597,-1.168788614058e-04
1598,0.000000000000e+00
1599,0.000000000000e+00
1600,-0.000000000000e+00
1601,-7.810622783969e-07
1602,0.000000000000e+00
1603,-1.176607189788e-04
1604,0.000000000000e+00
1605,0.000000000000e+00
1606,-0.000000000000e+00
1607,-7.829178390209e-07
1608,0.000000000000e+00
1609,-1.184444286910e-04
1610,0.000000000000e+00
1611,0.000000000000e+00
1612,-0.000000000000e+00
1613,-7.847654163233e-07
1614,0.000000000000e+00
1615,-1.192299825590e-04
1616,0.000000000000e+00
1617,0.000000000000e+00
1618,-0.000000000000e+00
1619,-7.866050103028e-07
1620,0.000000000000e+00
1621,-1.200173725996e-04
1622,0.000000000000e+00
1623,0.000000000000e+00
1624,-0.000000000000e+00
1625,-7.884366209615e-07
1626,0.000000000000e+00
1627,-1.208065908295e-04
1628,0.000000000000e+00
1629,0.000000000000e+00
1630,-0.000000000000e+00
1631,-7.902602482985e-07
1632,0.000000000000e+00
1633,-1.215976292652e-04
1634,0.000000000000e+00
1635,0.000000000000e+00
1636,-0.000000000000e+00
1637,-7.920758923146e-07
1638,0.000000000000e+00
1639,-1.223904799236e-04
1640,0.000000000000e+00
1641,0.000000000000e+00
1642,-0.000000000000e+00
1643,-7.938835530121e-07
1644,0.000000000000e+00
1645,-1.231851348212e-04
1646,0.000000000000e+00
1647,0.000000000000e+00
1648,-0.000000000000e+00
1649,-7.956832303897e-07
1650,0.000000000000e+00
1651,-1.239815859748e-04
1652,0.000000000000e+00
1653,0.000000000000e+00
1654,-0.000000000000e+00
1655,-7.974749244441e-07
1656,0.000000000000e+00
1657,-1.247798254010e-04
1658,0.000000000000e+00
1659,0.000000000000e+00
1660,-0.000000000000e+00
1661,-7.992586351759e-07
1662,0.000000000000e+00
1663,-1.255798451165e-04
1664,0.000000000000e+00
1665,0.000000000000e+00
1666,-0.000000000000e+00
1667,-8.010343625810e-07
1668,0.000000000000e+00
1669,-1.263816371380e-04
1670,0.000000000000e+00
1671,0.000000000000e+00
1672,-0.000000000000e+00
1673,-8.028021066556e-07
1674,0.000000000000e+00
1675,-1.271851934821e-04
1676,0.000000000000e+00
1677,0.000000000000e+00
1678,-0.000000000000e+00
1679,-8.045618674002e-07
1680,0.000000000000e+00
1681,-1.279905061656e-04
1682,-0.000000000000e+00
1683,0.000000000000e+00
1684,-0.000000000000e+00
1685,-8.063136448151e-07
1686,0.000000000000e+00
1687,-1.287975672050e-04
1688,0.000000000000e+00
1689,0.000000000000e+00
1690,-0.000000000000e+00
1691,-8.080574388942e-07
1692,0.000000000000e+00
1693,-1.296063686171e-04
1694,0.000000000000e+00
1695,0.000000000000e+00
1696,-0.000000000000e+00
1697,-8.097932496334e-07
1698,0.000000000000e+00
1699,-1.304169024185e-04
1700,0.000000000000e+00
1701,0.000000000000e+00
1702,-0.000000000000e+00
1703,-8.115210770318e-07
1704,0.000000000000e+00
1705,-1.312291606259e-04
1706,0.000000000000e+00
1707,0.000000000000e+00
1708,-0.000000000000e+00
1709,-8.132409210903e-07
1710,0.000000000000e+00
1711,-1.320431352559e-04
1712,0.000000000000e+00
1713,0.000000000000e+00
1714,-0.000000000000e+00
1715,-8.149527818120e-07
1716,0.000000000000e+00
1717,-1.328588183252e-04
1718,0.000000000000e+00
1719,0.000000000000e+00
1720,-0.000000000000e+00
1721,-8.166566591902e-07
1722,0.000000000000e+00
1723,-1.336762018504e-04
1724,0.000000000000e+00
1725,0.000000000000e+00
1726,-0.000000000000e+00
1727,-8.183525532247e-07
1728,0.000000000000e+00
1729,-1.344952778482e-04
1730,0.000000000000e+00
1731,0.000000000000e+00
1732,-0.000000000000e+00
1733,-8.200404639167e-07
1734,0.000000000000e+00
1735,-1.353160383353e-04
1736,0.000000000000e+00
1737,0.000000000000e+00
1738,-0.000000000000e+00
1739,-8.217203912623e-07
1740,0.000000000000e+00
1741,-1.361384753283e-04
1742,0.000000000000e+00
1743,0.000000000000e+00
1744,-0.000000000000e+00
1745,-8.233923352605e-07
1746,0.000000000000e+00
1747,-1.369625808439e-04
1748,0.000000000000e+00
1749,0.000000000000e+00
1750,-0.000000000000e+00
1751,-8.250562959035e-07
1752,0.000000000000e+00
1753,-1.377883468986e-04
1754,0.000000000000e+00
1755,0.000000000000e+00
1756,-0.000000000000e+00
1757,-8.267122731913e-07
1758,0.000000000000e+00
1759,-1.386157655093e-04
1760,0.000000000000e+00
1761,0.000000000000e+00
1762,-0.000000000000e+00
1763,-8.283602671215e-07
1764,0.000000000000e+00
1765,-1.394448286924e-04
1766,0.000000000000e+00
1767,0.000000000000e+00
1768,-0.000000000000e+00
1769,-8.300002776933e-07
1770,0.000000000000e+00
1771,-1.402755284646e-04
1772,0.000000000000e+00
1773,0.000000000000e+00
1774,-0.000000000000e+00
1775,-8.316323049081e-07
1776,0.000000000000e+00
1777,-1.411078568426e-04
1778,0.000000000000e+00
1779,0.000000000000e+00
1780,-0.000000000000e+00
1781,-8.332563487632e-07
1782,0.000000000000e+00
1783,-1.419418058430e-04
1784,0.000000000000e+00
1785,0.000000000000e+00
1786,-0.000000000000e+00
1787,-8.348724092574e-07
1788,0.000000000000e+00
1789,-1.427773674825e-04
1790,0.000000000000e+00
1791,0.000000000000e+00
1792,-0.000000000000e+00
1793,-8.364804863878e-07
1794,0.000000000000e+00
1795,-1.436145337777e-04
1796,0.000000000000e+00
1797,0.000000000000e+00
1798,-0.000000000000e+00
1799,-8.380805801568e-07
1800,0.000000000000e+00
1801,-1.444532967452e-04
1802,0.000000000000e+00
1803,0.000000000000e+00
1804,-0.000000000000e+00
1805,-8.396726905641e-07
1806,0.000000000000e+00
1807,-1.452936484016e-04
1808,0.000000000000e+00
1809,0.000000000000e+00
1810,-0.000000000000e+00
1811,-8.412568176128e-07
1812,0.000000000000e+00
1813,-1.461355807637e-04
1814,0.000000000000e+00
1815,0.000000000000e+00
1816,-0.000000000000e+00
1817,-8.428329613003e-07
1818,0.000000000000e+00
1819,-1.469790858480e-04
1820,0.000000000000e+00
1821,0.000000000000e+00
1822,-0.000000000000e+00
1823,-8.444011216349e-07
1824,0.000000000000e+00
1825,-1.478241556713e-04
1826,0.000000000000e+00
1827,0.000000000000e+00
1828,-0.000000000000e+00
1829,-8.459612986140e-07
1830,0.000000000000e+00
1831,-1.486707822500e-04
1832,0.000000000000e+00
1833,0.000000000000e+00
1834,-0.000000000000e+00
1835,-8.475134922354e-07
1836,0.000000000000e+00
1837,-1.495189576010e-04
1838,0.000000000000e+00
1839,0.000000000000e+00
1840,-0.000000000000e+00
1841,-8.490577024945e-07
1842,0.000000000000e+00
1843,-1.503686737407e-04
1844,0.000000000000e+00
1845,0.000000000000e+00
1846,-0.000000000000e+00
1847,-8.505939293989e-07
1848,0.000000000000e+00
1849,-1.512199226859e-04
1850,0.000000000000e+00
1851,0.000000000000e+00
1852,-0.000000000000e+00
1853,-8.521221729429e-07
1854,0.000000000000e+00
1855,-1.520726964533e-04
1856,0.000000000000e+00
1857,0.000000000000e+00
1858,-0.000000000000e+00
1859,-8.536424331235e-07
1860,0.000000000000e+00
1861,-1.529269870593e-04
1862,0.000000000000e+00
1863,0.000000000000e+00
1864,-0.000000000000e+00
1865,-8.551547099441e-07
1866,0.000000000000e+00
1867,-1.537827865208e-04
1868,0.000000000000e+00
1869,0.000000000000e+00
1870,-0.000000000000e+00
1871,-8.566590034037e-07
1872,0.000000000000e+00
1873,-1.546400868543e-04
1874,0.000000000000e+00
1875,0.000000000000e+00
1876,-0.000000000000e+00
1877,-8.581553135026e-07
1878,0.000000000000e+00
1879,-1.554988800764e-04
1880,0.000000000000e+00
1881,0.000000000000e+00
1882,-0.000000000000e+00
1883,-8.596436402357e-07
1884,0.000000000000e+00
1885,-1.563591582038e-04
1886,0.000000000000e+00
1887,0.000000000000e+00
1888,-0.000000000000e+00
1889,-8.611239836021e-07
1890,0.000000000000e+00
1891,-1.572209132531e-04
1892,0.000000000000e+00
1893,0.000000000000e+00
1894,-0.000000000000e+00
1895,-8.625963435949e-07
1896,0.000000000000e+00
1897,-1.580841372410e-04
1898,0.000000000000e+00
1899,0.000000000000e+00
1900,-0.000000000000e+00
1901,-8.640607202131e-07
1902,0.000000000000e+00
1903,-1.589488221841e-04
1904,0.000000000000e+00
1905,0.000000000000e+00
1906,-0.000000000000e+00
1907,-8.655171134540e-07
1908,0.000000000000e+00
1909,-1.598149600989e-04
1910,0.000000000000e+00
1911,0.000000000000e+00
1912,-0.000000000000e+00
1913,-8.669655233227e-07
1914,0.000000000000e+00
1915,-1.606825430022e-04
1916,0.000000000000e+00
1917,0.000000000000e+00
1918,-0.000000000000e+00
1919,-8.684059498196e-07
1920,0.000000000000e+00
1921,-1.615515629105e-04
1922,0.000000000000e+00
1923,0.000000000000e+00
1924,-0.000000000000e+00
1925,-8.698383929495e-07
1926,0.000000000000e+00
1927,-1.624220118405e-04
1928,0.000000000000e+00
1929,0.000000000000e+00
1930,-0.000000000000e+00
1931,-8.712628527133e-07
1932,0.000000000000e+00
1933,-1.632938818089e-04
1934,0.000000000000e+00
1935,0.000000000000e+00
1936,-0.000000000000e+00
1937,-8.726793291113e-07
1938,0.000000000000e+00
1939,-1.641671648322e-04
1940,0.000000000000e+00
1941,0.000000000000e+00
1942,-0.000000000000e+00
1943,-8.740878221467e-07
1944,0.000000000000e+00
1945,-1.650418529271e-04
1946,0.000000000000e+00
1947,0.000000000000e+00
1948,-0.000000000000e+00
1949,-8.754883318199e-07
1950,0.000000000000e+00
1951,-1.659179381102e-04
1952,0.000000000000e+00
1953,0.000000000000e+00
1954,-0.000000000000e+00
1955,-8.768808581272e-07
1956,0.000000000000e+00
1957,-1.667954123982e-04
1958,0.000000000000e+00
1959,0.000000000000e+00
1960,-0.000000000000e+00
1961,-8.782654010693e-07
1962,0.000000000000e+00
1963,-1.676742678076e-04
1964,0.000000000000e+00
1965,0.000000000000e+00
1966,-0.000000000000e+00
1967,-8.796419606458e-07
1968,0.000000000000e+00
1969,-1.685544963553e-04
1970,0.000000000000e+00
1971,0.000000000000e+00
1972,-0.000000000000e+00
1973,-8.810105368558e-07
1974,0.000000000000e+00
1975,-1.694360900576e-04
1976,0.000000000000e+00
1977,0.000000000000e+00
1978,-0.000000000000e+00
1979,-8.823711296911e-07
1980,0.000000000000e+00
1981,-1.703190409314e-04
1982,0.000000000000e+00
1983,0.000000000000e+00
1984,-0.000000000000e+00
1985,-8.837237391536e-07
1986,0.000000000000e+00
1987,-1.712033409932e-04
1988,0.000000000000e+00
1989,0.000000000000e+00
1990,-0.000000000000e+00
1991,-8.850683652464e-07
1992,0.000000000000e+00
1993,-1.720889822596e-04
1994,0.000000000000e+00
1995,0.000000000000e+00
1996,-0.000000000000e+00
1997,-8.864050079639e-07
1998,0.000000000000e+00
1999,-1.729759567473e-04
2000,0.000000000000e+00
2001,0.000000000000e+00
2002,-0.000000000000e+00
2003,-8.877336673049e-07
2004,0.000000000000e+00
2005,-1.738642564729e-04
2006,0.000000000000e+00
2007,0.000000000000e+00
2008,-0.000000000000e+00
2009,-8.890543432699e-07
2010,0.000000000000e+00
2011,-1.747538734530e-04
2012,0.000000000000e+00
2013,0.000000000000e+00
2014,-0.000000000000e+00
2015,-8.903670358608e-07
2016,0.000000000000e+00
2017,-1.756447997043e-04
2018,0.000000000000e+00
2019,0.000000000000e+00
2020,-0.000000000000e+00
2021,-8.916717450752e-07
2022,0.000000000000e+00
2023,-1.765370272433e-04
2024,0.000000000000e+00
2025,0.000000000000e+00
2026,-0.000000000000e+00
2027,-8.929684709144e-07
2028,0.000000000000e+00
2029,-1.774305480868e-04
2030,0.000000000000e+00
2031,0.000000000000e+00
2032,-0.000000000000e+00
2033,-8.942572133793e-07
2034,0.000000000000e+00
2035,-1.783253542512e-04
2036,0.000000000000e+00
2037,0.000000000000e+00
2038,-0.000000000000e+00
2039,-8.955379724631e-07
2040,0.000000000000e+00
2041,-1.792214377533e-04
2042,0.000000000000e+00
2043,0.000000000000e+00
2044,-0.000000000000e+00
2045,-8.968107481744e-07
2046,0.000000000000e+00
2047,-1.801187906096e-04
2048,0.000000000000e+00
2049,0.000000000000e+00
2050,-0.000000000000e+00
2051,-8.980755405161e-07
2052,0.000000000000e+00
2053,-1.810174048369e-04
2054,0.000000000000e+00
2055,0.000000000000e+00
2056,-0.000000000000e+00
2057,-8.993323494846e-07
2058,0.000000000000e+00
2059,-1.819172724516e-04
2060,0.000000000000e+00
2061,0.000000000000e+00
2062,-0.000000000000e+00
2063,-9.005811750759e-07
2064,0.000000000000e+00
2065,-1.828183854705e-04
2066,0.000000000000e+00
2067,0.000000000000e+00
2068,-0.000000000000e+00
2069,-9.018220172826e-07
2070,0.000000000000e+00
2071,-1.837207359102e-04
2072,0.000000000000e+00
2073,0.000000000000e+00
2074,-0.000000000000e+00
2075,-9.030548761002e-07
2076,0.000000000000e+00
2077,-1.846243157872e-04
2078,0.000000000000e+00
2079,0.000000000000e+00
2080,-0.000000000000e+00
2081,-9.042797515301e-07
2082,0.000000000000e+00
2083,-1.855291171182e-04
2084,0.000000000000e+00
2085,0.000000000000e+00
2086,-0.000000000000e+00
2087,-9.054966435738e-07
2088,0.000000000000e+00
2089,-1.864351319198e-04
2090,0.000000000000e+00
2091,0.000000000000e+00
2092,-0.000000000000e+00
2093,-9.067055522309e-07
2094,0.000000000000e+00
2095,-1.873423522086e-04
2096,0.000000000000e+00
2097,0.000000000000e+00
2098,-0.000000000000e+00
2099,-9.079064774953e-07
2100,0.000000000000e+00
2101,-1.882507700012e-04
2102,0.000000000000e+00
2103,0.000000000000e+00
2104,-0.000000000000e+00
2105,-9.090994193654e-07
2106,0.000000000000e+00
2107,-1.891603773142e-04
2108,0.000000000000e+00
2109,0.000000000000e+00
2110,-0.000000000000e+00
2111,-9.102843778467e-07
2112,0.000000000000e+00
2113,-1.900711661643e-04
2114,0.000000000000e+00
2115,0.000000000000e+00
2116,-0.000000000000e+00
2117,-9.114613529346e-07
2118,0.000000000000e+00
2119,-1.909831285679e-04
2120,0.000000000000e+00
2121,0.000000000000e+00
2122,-0.000000000000e+00
2123,-9.126303446356e-07
2124,0.000000000000e+00
2125,-1.918962565419e-04
2126,0.000000000000e+00
2127,0.000000000000e+00
2128,-0.000000000000e+00
2129,-9.137913529504e-07
2130,0.000000000000e+00
2131,-1.928105421027e-04
2132,0.000000000000e+00
2133,0.000000000000e+00
2134,-0.000000000000e+00
2135,-9.149443778800e-07
2136,0.000000000000e+00
2137,-1.937259772670e-04
2138,0.000000000000e+00
2139,0.000000000000e+00
2140,-0.000000000000e+00
2141,-9.160894194199e-07
2142,0.000000000000e+00
2143,-1.946425540513e-04
2144,0.000000000000e+00
2145,0.000000000000e+00
2146,-0.000000000000e+00
2147,-9.172264775659e-07
2148,0.000000000000e+00
2149,-1.955602644724e-04
2150,0.000000000000e+00
2151,0.000000000000e+00
2152,-0.000000000000e+00
2153,-9.183555523205e-07
2154,0.000000000000e+00
2155,-1.964791005467e-04
2156,0.000000000000e+00
2157,0.000000000000e+00
2158,-0.000000000000e+00
2159,-9.194766436825e-07
2160,0.000000000000e+00
2161,-1.973990542910e-04
2162,0.000000000000e+00
2163,0.000000000000e+00
2164,-0.000000000000e+00
2165,-9.205897516492e-07
2166,0.000000000000e+00
2167,-1.983201177218e-04
2168,0.000000000000e+00
2169,0.000000000000e+00
2170,-0.000000000000e+00
2171,-9.216948762212e-07
2172,0.000000000000e+00
2173,-1.992422828557e-04
2174,0.000000000000e+00
2175,0.000000000000e+00
2176,-0.000000000000e+00
2177,-9.227920173961e-07
2178,0.000000000000e+00
2179,-2.001655417093e-04
2180,0.000000000000e+00
2181,0.000000000000e+00
2182,-0.000000000000e+00
2183,-9.238811751753e-07
2184,0.000000000000e+00
2185,-2.010898862992e-04
2186,0.000000000000e+00
2187,0.000000000000e+00
2188,-0.000000000000e+00
2189,-9.249623495540e-07
2190,0.000000000000e+00
2191,-2.020153086421e-04
2192,0.000000000000e+00
2193,0.000000000000e+00
2194,-0.000000000000e+00
2195,-9.260355405309e-07
2196,0.000000000000e+00
2197,-2.029418007544e-04
2198,0.000000000000e+00
2199,0.000000000000e+00
2200,-0.000000000000e+00
2201,-9.271007481071e-07
2202,0.000000000000e+00
2203,-2.038693546529e-04
2204,0.000000000000e+00
2205,0.000000000000e+00
2206,-0.000000000000e+00
2207,-9.281579722840e-07
2208,0.000000000000e+00
2209,-2.047979623541e-04
2210,0.000000000000e+00
2211,0.000000000000e+00
2212,-0.000000000000e+00
2213,-9.292072130624e-07
2214,0.000000000000e+00
2215,-2.057276158747e-04
2216,0.000000000000e+00
2217,0.000000000000e+00
2218,-0.000000000000e+00
2219,-9.302484704396e-07
2220,0.000000000000e+00
2221,-2.066583072311e-04
2222,0.000000000000e+00
2223,0.000000000000e+00
2224,-0.000000000000e+00
2225,-9.312817444150e-07
2226,0.000000000000e+00
2227,-2.075900284401e-04
2228,0.000000000000e+00
2229,0.000000000000e+00
2230,-0.000000000000e+00
2231,-9.323070349887e-07
2232,0.000000000000e+00
2233,-2.085227715182e-04
2234,0.000000000000e+00
2235,0.000000000000e+00
2236,-0.000000000000e+00
2237,-9.333243421549e-07
2238,0.000000000000e+00
2239,-2.094565284820e-04
2240,0.000000000000e+00
2241,0.000000000000e+00
2242,-0.000000000000e+00
2243,-9.343336659148e-07
2244,0.000000000000e+00
2245,-2.103912913481e-04
2246,0.000000000000e+00
2247,0.000000000000e+00
2248,-0.000000000000e+00
2249,-9.353350062680e-07
2250,0.000000000000e+00
2251,-2.113270521330e-04
2252,0.000000000000e+00
2253,0.000000000000e+00
2254,-0.000000000000e+00
2255,-9.363283632071e-07
2256,0.000000000000e+00
2257,-2.122638028535e-04
2258,0.000000000000e+00
2259,0.000000000000e+00
2260,-0.000000000000e+00
2261,-9.373137367289e-07
2262,0.000000000000e+00
2263,-2.132015355260e-04
2264,0.000000000000e+00
2265,0.000000000000e+00
2266,-0.000000000000e+00
2267,-9.382911268396e-07
2268,0.000000000000e+00
2269,-2.141402421672e-04
2270,0.000000000000e+00
2271,0.000000000000e+00
2272,-0.000000000000e+00
2273,-9.392605335428e-07
2274,0.000000000000e+00
2275,-2.150799147936e-04
2276,0.000000000000e+00
2277,0.000000000000e+00
2278,-0.000000000000e+00
2279,-9.402219568376e-07
2280,0.000000000000e+00
2281,-2.160205454218e-04
2282,0.000000000000e+00
2283,0.000000000000e+00
2284,-0.000000000000e+00
2285,-9.411753967259e-07
2286,0.000000000000e+00
2287,-2.169621260685e-04
2288,0.000000000000e+00
2289,0.000000000000e+00
2290,-0.000000000000e+00
2291,-9.421208532107e-07
2292,0.000000000000e+00
2293,-2.179046487502e-04
2294,0.000000000000e+00
2295,0.000000000000e+00
2296,-0.000000000000e+00
2297,-9.430583262791e-07
2298,0.000000000000e+00
2299,-2.188481054835e-04
2300,0.000000000000e+00
2301,0.000000000000e+00
2302,-0.000000000000e+00
2303,-9.439878159288e-07
2304,0.000000000000e+00
2305,-2.197924882850e-04
2306,0.000000000000e+00
2307,0.000000000000e+00
2308,-0.000000000000e+00
2309,-9.449093221653e-07
2310,0.000000000000e+00
2311,-2.207377891712e-04
2312,0.000000000000e+00
2313,0.000000000000e+00
2314,-0.000000000000e+00
2315,-9.458228449900e-07
2316,0.000000000000e+00
2317,-2.216840001588e-04
2318,0.000000000000e+00
2319,0.000000000000e+00
2320,-0.000000000000e+00
2321,-9.467283844063e-07
2322,0.000000000000e+00
2323,-2.226311132644e-04
2324,0.000000000000e+00
2325,0.000000000000e+00
2326,-0.000000000000e+00
2327,-9.476259404171e-07
2328,0.000000000000e+00
2329,-2.235791205045e-04
2330,0.000000000000e+00
2331,0.000000000000e+00
2332,-0.000000000000e+00
2333,-9.485155130121e-07
2334,0.000000000000e+00
2335,-2.245280138958e-04
2336,0.000000000000e+00
2337,0.000000000000e+00
2338,-0.000000000000e+00
2339,-9.493971021839e-07
2340,0.000000000000e+00
2341,-2.254777854547e-04
2342,0.000000000000e+00
2343,0.000000000000e+00
2344,-0.000000000000e+00
2345,-9.502707079360e-07
2346,0.000000000000e+00
2347,-2.264284271980e-04
2348,0.000000000000e+00
2349,0.000000000000e+00
2350,-0.000000000000e+00
2351,-9.511363302657e-07
2352,0.000000000000e+00
2353,-2.273799311421e-04
2354,0.000000000000e+00
2355,0.000000000000e+00
2356,-0.000000000000e+00
2357,-9.519939691715e-07
2358,0.000000000000e+00
2359,-2.283322893036e-04
2360,0.000000000000e+00
2361,0.000000000000e+00
2362,-0.000000000000e+00
2363,-9.528436246575e-07
2364,0.000000000000e+00
2365,-2.292854936992e-04
2366,0.000000000000e+00
2367,0.000000000000e+00
2368,-0.000000000000e+00
2369,-9.536852967196e-07
2370,0.000000000000e+00
2371,-2.302395363454e-04
2372,0.000000000000e+00
2373,0.000000000000e+00
2374,-0.000000000000e+00
2375,-9.545189853667e-07
2376,0.000000000000e+00
2377,-2.311944092587e-04
2378,0.000000000000e+00
2379,0.000000000000e+00
2380,-0.000000000000e+00
2381,-9.553446905976e-07
2382,0.000000000000e+00
2383,-2.321501044558e-04
2384,0.000000000000e+00
2385,0.000000000000e+00
2386,-0.000000000000e+00
2387,-9.561624124166e-07
2388,0.000000000000e+00
2389,-2.331066139533e-04
2390,0.000000000000e+00
2391,0.000000000000e+00
2392,-0.000000000000e+00
2393,-9.569721508208e-07
2394,0.000000000000e+00
2395,-2.340639297677e-04
2396,0.000000000000e+00
2397,0.000000000000e+00
2398,-0.000000000000e+00
2399,-9.577739058050e-07
2400,0.000000000000e+00
2401,-2.350220439156e-04
2402,0.000000000000e+00
2403,0.000000000000e+00
2404,-0.000000000000e+00
2405,-9.585676773851e-07
2406,0.000000000000e+00
2407,-2.359809484137e-04
2408,0.000000000000e+00
2409,0.000000000000e+00
2410,-0.000000000000e+00
2411,-9.593534655604e-07
2412,0.000000000000e+00
2413,-2.369406352785e-04
2414,0.000000000000e+00
2415,0.000000000000e+00
2416,-0.000000000000e+00
2417,-9.601312703259e-07
2418,0.000000000000e+00
2419,-2.379010965265e-04
2420,0.000000000000e+00
2421,0.000000000000e+00
2422,-0.000000000000e+00
2423,-9.609010916854e-07
2424,0.000000000000e+00
2425,-2.388623241745e-04
2426,0.000000000000e+00
2427,0.000000000000e+00
2428,-0.000000000000e+00
2429,-9.616629296424e-07
2430,0.000000000000e+00
2431,-2.398243102390e-04
2432,0.000000000000e+00
2433,0.000000000000e+00
2434,-0.000000000000e+00
2435,-9.624167842050e-07
2436,0.000000000000e+00
2437,-2.407870467366e-04
2438,0.000000000000e+00
2439,0.000000000000e+00
2440,-0.000000000000e+00
2441,-9.631626553633e-07
2442,0.000000000000e+00
2443,-2.417505256838e-04
2444,0.000000000000e+00
2445,0.000000000000e+00
2446,-0.000000000000e+00
2447,-9.639005431116e-07
2448,0.000000000000e+00
2449,-2.427147390974e-04
2450,0.000000000000e+00
2451,0.000000000000e+00
2452,-0.000000000000e+00
2453,-9.646304474488e-07
2454,0.000000000000e+00
2455,-2.436796789939e-04
2456,0.000000000000e+00
2457,0.000000000000e+00
2458,-0.000000000000e+00
2459,-9.653523683695e-07
2460,0.000000000000e+00
2461,-2.446453373897e-04
2462,0.000000000000e+00
2463,0.000000000000e+00
2464,-0.000000000000e+00
2465,-9.660663058789e-07
2466,0.000000000000e+00
2467,-2.456117063017e-04
2468,0.000000000000e+00
2469,0.000000000000e+00
2470,-0.000000000000e+00
2471,-9.667722599814e-07
2472,0.000000000000e+00
2473,-2.465787777463e-04
2474,0.000000000000e+00
2475,0.000000000000e+00
2476,-0.000000000000e+00
2477,-9.674702306785e-07
2478,0.000000000000e+00
2479,-2.475465437401e-04
2480,0.000000000000e+00
2481,0.000000000000e+00
2482,-0.000000000000e+00
2483,-9.681602179760e-07
2484,0.000000000000e+00
2485,-2.485149962998e-04
2486,0.000000000000e+00
2487,0.000000000000e+00
2488,-0.000000000000e+00
2489,-9.688422218871e-07
2490,0.000000000000e+00
2491,-2.494841274419e-04
2492,0.000000000000e+00
2493,0.000000000000e+00
2494,-0.000000000000e+00
2495,-9.695162424149e-07
2496,0.000000000000e+00
2497,-2.504539291831e-04
2498,0.000000000000e+00
2499,0.000000000000e+00
2500,-0.000000000000e+00
2501,-9.701822795662e-07
2502,0.000000000000e+00
2503,-2.514243935401e-04
2504,0.000000000000e+00
2505,0.000000000000e+00
2506,-0.000000000000e+00
2507,-9.708403333403e-07
2508,0.000000000000e+00
2509,-2.523955125293e-04
2510,0.000000000000e+00
2511,0.000000000000e+00
2512,-0.000000000000e+00
2513,-9.714904037304e-07
2514,0.000000000000e+00
2515,-2.533672781675e-04
2516,0.000000000000e+00
2517,0.000000000000e+00
2518,-0.000000000000e+00
2519,-9.721324907387e-07
2520,0.000000000000e+00
2521,-2.543396824712e-04
2522,0.000000000000e+00
2523,0.000000000000e+00
2524,-0.000000000000e+00
2525,-9.727665943638e-07
2526,0.000000000000e+00
2527,-2.553127174571e-04
2528,0.000000000000e+00
2529,0.000000000000e+00
2530,-0.000000000000e+00
2531,-9.733927145954e-07
2532,0.000000000000e+00
2533,-2.562863751418e-04
2534,0.000000000000e+00
2535,0.000000000000e+00
2536,-0.000000000000e+00
2537,-9.740108514402e-07
2538,0.000000000000e+00
2539,-2.572606475419e-04
2540,0.000000000000e+00
2541,0.000000000000e+00
2542,-0.000000000000e+00
2543,-9.746210048970e-07
2544,0.000000000000e+00
2545,-2.582355266740e-04
2546,0.000000000000e+00
2547,0.000000000000e+00
2548,-0.000000000000e+00
2549,-9.752231749633e-07
2550,0.000000000000e+00
2551,-2.592110045547e-04
2552,0.000000000000e+00
2553,0.000000000000e+00
2554,-0.000000000000e+00
2555,-9.758173616486e-07
2556,0.000000000000e+00
2557,-2.601870732007e-04
2558,0.000000000000e+00
2559,0.000000000000e+00
2560,-0.000000000000e+00
2561,-9.764035649578e-07
2562,0.000000000000e+00
2563,-2.611637246285e-04
2564,0.000000000000e+00
2565,0.000000000000e+00
2566,-0.000000000000e+00
2567,-9.769817848852e-07
2568,0.000000000000e+00
2569,-2.621409508548e-04
2570,0.000000000000e+00
2571,0.000000000000e+00
2572,-0.000000000000e+00
2573,-9.775520214443e-07
2574,0.000000000000e+00
2575,-2.631187438962e-04
2576,0.000000000000e+00
2577,0.000000000000e+00
2578,-0.000000000000e+00
2579,-9.781142746402e-07
2580,0.000000000000e+00
2581,-2.640970957693e-04
2582,0.000000000000e+00
2583,0.000000000000e+00
2584,-0.000000000000e+00
2585,-9.786685444644e-07
2586,0.000000000000e+00
2587,-2.650759984909e-04
2588,0.000000000000e+00
2589,0.000000000000e+00
2590,-0.000000000000e+00
2591,-9.792148309168e-07
2592,0.000000000000e+00
2593,-2.660554440774e-04
2594,0.000000000000e+00
2595,0.000000000000e+00
2596,-0.000000000000e+00
2597,-9.797531339926e-07
2598,0.000000000000e+00
2599,-2.670354245456e-04
2600,0.000000000000e+00
2601,0.000000000000e+00
2602,-0.000000000000e+00
2603,-9.802834536953e-07
2604,0.000000000000e+00
2605,-2.680159319120e-04
2606,0.000000000000e+00
2607,0.000000000000e+00
2608,-0.000000000000e+00
2609,-9.808057900275e-07
2610,0.000000000000e+00
2611,-2.689969581934e-04
2612,0.000000000000e+00
2613,0.000000000000e+00
2614,-0.000000000000e+00
2615,-9.813201429895e-07
2616,0.000000000000e+00
2617,-2.699784954062e-04
2618,0.000000000000e+00
2619,0.000000000000e+00
2620,-0.000000000000e+00
2621,-9.818265125865e-07
2622,0.000000000000e+00
2623,-2.709605355672e-04
2624,0.000000000000e+00
2625,0.000000000000e+00
2626,-0.000000000000e+00
2627,-9.823248988040e-07
2628,0.000000000000e+00
2629,-2.719430706929e-04
2630,0.000000000000e+00
2631,0.000000000000e+00
2632,-0.000000000000e+00
2633,-9.828153016421e-07
2634,0.000000000000e+00
2635,-2.729260928001e-04
2636,0.000000000000e+00
2637,0.000000000000e+00
2638,-0.000000000000e+00
2639,-9.832977211033e-07
2640,0.000000000000e+00
2641,-2.739095939053e-04
2642,0.000000000000e+00
2643,0.000000000000e+00
2644,-0.000000000000e+00
2645,-9.837721572017e-07
2646,0.000000000000e+00
2647,-2.748935660251e-04
2648,0.000000000000e+00
2649,0.000000000000e+00
2650,-0.000000000000e+00
2651,-9.842386099418e-07
2652,0.000000000000e+00
2653,-2.758780011762e-04
2654,0.000000000000e+00
2655,0.000000000000e+00
2656,-0.000000000000e+00
2657,-9.846970793184e-07
2658,0.000000000000e+00
2659,-2.768628913753e-04
2660,0.000000000000e+00
2661,0.000000000000e+00
2662,-0.000000000000e+00
2663,-9.851475653451e-07
2664,0.000000000000e+00
2665,-2.778482286389e-04
2666,0.000000000000e+00
2667,0.000000000000e+00
2668,-0.000000000000e+00
2669,-9.855900680221e-07
2670,0.000000000000e+00
2671,-2.788340049838e-04
2672,0.000000000000e+00
2673,0.000000000000e+00
2674,-0.000000000000e+00
2675,-9.860245873520e-07
2676,0.000000000000e+00
2677,-2.798202124266e-04
2678,0.000000000000e+00
2679,0.000000000000e+00
2680,-0.000000000000e+00
2681,-9.864511233325e-07
2682,0.000000000000e+00
2683,-2.808068429840e-04
2684,0.000000000000e+00
2685,0.000000000000e+00
2686,-0.000000000000e+00
2687,-9.868696759826e-07
2688,0.000000000000e+00
2689,-2.817938886725e-04
2690,0.000000000000e+00
2691,0.000000000000e+00
2692,-0.000000000000e+00
2693,-9.872802452980e-07
2694,0.000000000000e+00
2695,-2.827813415090e-04
2696,0.000000000000e+00
2697,0.000000000000e+00
2698,-0.000000000000e+00
2699,-9.876828312815e-07
2700,0.000000000000e+00
2701,-2.837691935100e-04
2702,0.000000000000e+00
2703,0.000000000000e+00
2704,-0.000000000000e+00
2705,-9.880774339511e-07
2706,0.000000000000e+00
2707,-2.847574366923e-04
2708,0.000000000000e+00
2709,0.000000000000e+00
2710,-0.000000000000e+00
2711,-9.884640533164e-07
2712,0.000000000000e+00
2713,-2.857460630725e-04
2714,0.000000000000e+00
2715,0.000000000000e+00
2716,-0.000000000000e+00
2717,-9.888426893701e-07
2718,0.000000000000e+00
2719,-2.867350646674e-04
2720,0.000000000000e+00
2721,0.000000000000e+00
2722,-0.000000000000e+00
2723,-9.892133421188e-07
2724,0.000000000000e+00
2725,-2.877244334936e-04
2726,0.000000000000e+00
2727,0.000000000000e+00
2728,-0.000000000000e+00
2729,-9.895760115600e-07
2730,0.000000000000e+00
2731,-2.887141615678e-04
2732,0.000000000000e+00
2733,0.000000000000e+00
2734,-0.000000000000e+00
2735,-9.899306976988e-07
2736,0.000000000000e+00
2737,-2.897042409067e-04
2738,0.000000000000e+00
2739,0.000000000000e+00
2740,-0.000000000000e+00
2741,-9.902774005329e-07
2742,0.000000000000e+00
2743,-2.906946635271e-04
2744,0.000000000000e+00
2745,0.000000000000e+00
2746,-0.000000000000e+00
2747,-9.906161200671e-07
2748,0.000000000000e+00
2749,-2.916854214455e-04
2750,0.000000000000e+00
2751,0.000000000000e+00
2752,-0.000000000000e+00
2753,-9.909468563013e-07
2754,0.000000000000e+00
2755,-2.926765066788e-04
2756,0.000000000000e+00
2757,0.000000000000e+00
2758,-0.000000000000e+00
2759,-9.912696092336e-07
2760,0.000000000000e+00
2761,-2.936679112436e-04
2762,0.000000000000e+00
2763,0.000000000000e+00
2764,-0.000000000000e+00
2765,-9.915843788763e-07
2766,0.000000000000e+00
2767,-2.946596271567e-04
2768,0.000000000000e+00
2769,0.000000000000e+00
2770,-0.000000000000e+00
2771,-9.918911652282e-07
2772,0.000000000000e+00
2773,-2.956516464347e-04
2774,0.000000000000e+00
2775,0.000000000000e+00
2776,-0.000000000000e+00
2777,-9.921899682846e-07
2778,0.000000000000e+00
2779,-2.966439610943e-04
2780,0.000000000000e+00
2781,0.000000000000e+00
2782,-0.000000000000e+00
2783,-9.924807880506e-07
2784,0.000000000000e+00
2785,-2.976365631523e-04
2786,0.000000000000e+00
2787,0.000000000000e+00
2788,-0.000000000000e+00
2789,-9.927636245313e-07
2790,0.000000000000e+00
2791,-2.986294446254e-04
2792,0.000000000000e+00
2793,0.000000000000e+00
2794,-0.000000000000e+00
2795,-9.930384777310e-07
2796,0.000000000000e+00
2797,-2.996225975302e-04
2798,0.000000000000e+00
2799,0.000000000000e+00
2800,-0.000000000000e+00
2801,-9.933053476533e-07
2802,0.000000000000e+00
2803,-3.006160138836e-04
2804,0.000000000000e+00
2805,0.000000000000e+00
2806,-0.000000000000e+00
2807,-9.935642343063e-07
2808,0.000000000000e+00
2809,-3.016096857023e-04
2810,0.000000000000e+00
2811,0.000000000000e+00
2812,-0.000000000000e+00
2813,-9.938151376823e-07
2814,0.000000000000e+00
2815,-3.026036050029e-04
2816,0.000000000000e+00
2817,0.000000000000e+00
2818,-0.000000000000e+00
2819,-9.940580577721e-07
2820,0.000000000000e+00
2821,-3.035977638021e-04
2822,0.000000000000e+00
2823,0.000000000000e+00
2824,-0.000000000000e+00
2825,-9.942929945642e-07
2826,0.000000000000e+00
2827,-3.045921541168e-04
2828,0.000000000000e+00
2829,0.000000000000e+00
2830,-0.000000000000e+00
2831,-9.945199480547e-07
2832,0.000000000000e+00
2833,-3.055867679635e-04
2834,0.000000000000e+00
2835,0.000000000000e+00
2836,-0.000000000000e+00
2837,-9.947389182452e-07
2838,0.000000000000e+00
2839,-3.065815973590e-04
2840,0.000000000000e+00
2841,0.000000000000e+00
2842,-0.000000000000e+00
2843,-9.949499051387e-07
2844,0.000000000000e+00
2845,-3.075766343200e-04
2846,0.000000000000e+00
2847,0.000000000000e+00
2848,-0.000000000000e+00
2849,-9.951529087495e-07
2850,0.000000000000e+00
2851,-3.085718708632e-04
2852,0.000000000000e+00
2853,0.000000000000e+00
2854,-0.000000000000e+00
2855,-9.953479290765e-07
2856,0.000000000000e+00
2857,-3.095672990053e-04
2858,0.000000000000e+00
2859,0.000000000000e+00
2860,-0.000000000000e+00
2861,-9.955349661180e-07
2862,0.000000000000e+00
2863,-3.105629107631e-04
2864,0.000000000000e+00
2865,0.000000000000e+00
2866,-0.000000000000e+00
2867,-9.957140198748e-07
2868,0.000000000000e+00
2869,-3.115586981532e-04
2870,0.000000000000e+00
2871,0.000000000000e+00
2872,-0.000000000000e+00
2873,-9.958850903464e-07
2874,0.000000000000e+00
2875,-3.125546531924e-04
2876,0.000000000000e+00
2877,0.000000000000e+00
2878,-0.000000000000e+00
2879,-9.960481775373e-07
2880,0.000000000000e+00
2881,-3.135507678973e-04
2882,0.000000000000e+00
2883,0.000000000000e+00
2884,-0.000000000000e+00
2885,-9.962032814546e-07
2886,0.000000000000e+00
2887,-3.145470342848e-04
2888,0.000000000000e+00
2889,0.000000000000e+00
2890,-0.000000000000e+00
2891,-9.963504020923e-07
2892,0.000000000000e+00
2893,-3.155434443715e-04
2894,0.000000000000e+00
2895,0.000000000000e+00
2896,-0.000000000000e+00
2897,-9.964895394522e-07
2898,0.000000000000e+00
2899,-3.165399901741e-04
2900,0.000000000000e+00
2901,0.000000000000e+00
2902,-0.000000000000e+00
2903,-9.966206935378e-07
2904,0.000000000000e+00
2905,-3.175366637095e-04
2906,0.000000000000e+00
2907,0.000000000000e+00
2908,-0.000000000000e+00
2909,-9.967438643411e-07
2910,0.000000000000e+00
2911,-3.185334569942e-04
2912,0.000000000000e+00
2913,0.000000000000e+00
2914,-0.000000000000e+00
2915,-9.968590518607e-07
2916,0.000000000000e+00
2917,-3.195303620450e-04
2918,0.000000000000e+00
2919,0.000000000000e+00
2920,-0.000000000000e+00
2921,-9.969662560898e-07
2922,0.000000000000e+00
2923,-3.205273708787e-04
2924,0.000000000000e+00
2925,0.000000000000e+00
2926,-0.000000000000e+00
2927,-9.970654770281e-07
2928,0.000000000000e+00
2929,-3.215244755119e-04
2930,0.000000000000e+00
2931,0.000000000000e+00
2932,-0.000000000000e+00
2933,-9.971567146758e-07
2934,0.000000000000e+00
2935,-3.225216679613e-04
2936,0.000000000000e+00
2937,0.000000000000e+00
2938,-0.000000000000e+00
2939,-9.972399690334e-07
2940,0.000000000000e+00
2941,-3.235189402437e-04
2942,0.000000000000e+00
2943,0.000000000000e+00
2944,-0.000000000000e+00
2945,-9.973152401015e-07
2946,0.000000000000e+00
2947,-3.245162843757e-04
2948,0.000000000000e+00
2949,0.000000000000e+00
2950,-0.000000000000e+00
2951,-9.973825278805e-07
2952,0.000000000000e+00
2953,-3.255136923741e-04
2954,0.000000000000e+00
2955,0.000000000000e+00
2956,-0.000000000000e+00
2957,-9.974418323666e-07
2958,0.000000000000e+00
2959,-3.265111562556e-04
2960,0.000000000000e+00
2961,0.000000000000e+00
2962,-0.000000000000e+00
2963,-9.974931535555e-07
2964,0.000000000000e+00
2965,-3.275086680368e-04
2966,0.000000000000e+00
2967,0.000000000000e+00
2968,-0.000000000000e+00
2969,-9.975364914431e-07
2970,0.000000000000e+00
2971,-3.285062197345e-04
2972,0.000000000000e+00
2973,0.000000000000e+00
2974,-0.000000000000e+00
2975,-9.975718460341e-07
2976,0.000000000000e+00
2977,-3.295038033654e-04
2978,-0.000000000000e+00
2979,0.000000000000e+00
2980,-0.000000000000e+00
2981,-9.975992173375e-07
2982,0.000000000000e+00
2983,-3.305014109462e-04
2984,0.000000000000e+00
2985,0.000000000000e+00
2986,0.000000000000e+00
2987,-9.976186053529e-07
2988,-0.000000000000e+00
2989,-3.314990344936e-04
2990,-0.000000000000e+00
2991,-0.000000000000e+00
2992,-0.000000000000e+00
2993,-9.976300100783e-07
2994,0.000000000000e+00
2995,-3.324966660243e-04
2996,0.000000000000e+00
2997,0.000000000000e+00
2998,-0.000000000000e+00
2999,-9.976334314972e-07
